"Id","Path","Slice Name","Alias(s)","Label","Min","Max","Must Support?","Is Modifier?","Is Summary?","Type(s)","Short","Definition","Comments","Requirements","Default Value","Meaning When Missing","Fixed Value","Pattern","Example","Minimum Value","Maximum Value","Maximum Length","Binding Strength","Binding Description","Binding Value Set","Code","Slicing Discriminator","Slicing Description","Slicing Ordered","Slicing Rules","Base Path","Base Min","Base Max","Condition(s)","Constraint(s)","Mapping: FiveWs Pattern Mapping","Mapping: RIM Mapping"
"AdverseEvent","AdverseEvent","","AE
","",0,*,"","","","null {[]} {[]}
","Medical care, research study or other healthcare event causing physical injury","Actual or  potential/avoided event causing unintended physical injury resulting from or contributed to by medical care, a research study or other healthcare setting factors that requires additional monitoring, treatment, or hospitalization, or that results in death.","","","","","","","","","",,,,,"",,,,"AdverseEvent",0,*,"","dom-2:If the resource is contained in another resource, it SHALL NOT contain nested Resources {contained.contained.empty()}
dom-3:If the resource is contained in another resource, it SHALL be referred to from elsewhere in the resource or SHALL refer to the containing resource {contained.where((('#'+id in (%resource.descendants().reference | %resource.descendants().as(canonical) | %resource.descendants().as(uri) | %resource.descendants().as(url))) or descendants().where(reference = '#').exists() or descendants().where(as(canonical) = '#').exists() or descendants().where(as(canonical) = '#').exists()).not()).trace('unmatched', id).empty()}dom-4:If a resource is contained in another resource, it SHALL NOT have a meta.versionId or a meta.lastUpdated {contained.meta.versionId.empty() and contained.meta.lastUpdated.empty()}dom-5:If a resource is contained in another resource, it SHALL NOT have a security label {contained.meta.security.empty()}dom-6:A resource should have narrative for robust management {text.`div`.exists()}subject-required:The subject element is required and must be provided. {subject.exists() and subject.resolve().is(Patient)}date-required:The date element is required and must be provided. {date.exists() and date.hasValue()}event-required:The event element is required and must be provided. {event.exists() and event.coding.exists()}grade-required:The CTC Grade extension is required and must be provided. {extension($UCUM).exists(valueInteger.hasValue())}","Entity. Role, or Act"
"AdverseEvent.id","AdverseEvent.id","","","",0,1,"","","Y","id {[]} {[]}
","Logical id of this artifact","The logical id of the resource, as used in the URL for the resource. Once assigned, this value never changes.","The only time that a resource does not have an id is when it is being submitted to the server using a create operation.","","","","","","","","",,,,,"",,,,"Resource.id",0,1,"",""
"AdverseEvent.meta","AdverseEvent.meta","","","",0,1,"","","Y","Meta {[]} {[]}
","Metadata about the resource","The metadata about the resource. This is content that is maintained by the infrastructure. Changes to the content might not always be associated with version changes to the resource.","","","","","","","","","",,,,,"",,,,"Resource.meta",0,1,"","ele-1:All FHIR elements must have a @value or children {hasValue() or (children().count() > id.count())}
"
"AdverseEvent.implicitRules","AdverseEvent.implicitRules","","","",0,1,"","Y","Y","uri {[]} {[]}
","A set of rules under which this content was created","A reference to a set of rules that were followed when the resource was constructed, and which must be understood when processing the content. Often, this is a reference to an implementation guide that defines the special rules along with other profiles etc.","Asserting this rule set restricts the content to be only understood by a limited set of trading partners. This inherently limits the usefulness of the data in the long term. However, the existing health eco-system is highly fractured, and not yet ready to define, collect, and exchange data in a generally computable sense. Wherever possible, implementers and/or specification writers should avoid using this element. Often, when used, the URL is a reference to an implementation guide that defines these special rules as part of it's narrative along with other profiles, value sets, etc.","","","","","","","","",,,,,"",,,,"Resource.implicitRules",0,1,"","ele-1:All FHIR elements must have a @value or children {hasValue() or (children().count() > id.count())}
"
"AdverseEvent.language","AdverseEvent.language","","","",0,1,"","","","code {[]} {[]}
","Language of the resource content","The base language in which the resource is written.","Language is provided to support indexing and accessibility (typically, services such as text to speech use the language tag). The html language tag in the narrative applies  to the narrative. The language tag on the resource may be used to specify the language of other presentations generated from the data in the resource. Not all the content has to be in the base language. The Resource.language should not be assumed to apply to the narrative automatically. If a language is specified, it should it also be specified on the div element in the html (see rules in HTML5 for information about the relationship between xml:lang and the html lang attribute).","","","","","","","","",,"preferred","A human language.","http://hl7.org/fhir/ValueSet/languages|4.0.1","",,,,"Resource.language",0,1,"","ele-1:All FHIR elements must have a @value or children {hasValue() or (children().count() > id.count())}
"
"AdverseEvent.text","AdverseEvent.text","","narrative
htmlxhtmldisplay","",0,1,"","","","Narrative {[]} {[]}
","Text summary of the resource, for human interpretation","A human-readable narrative that contains a summary of the resource and can be used to represent the content of the resource to a human. The narrative need not encode all the structured data, but is required to contain sufficient detail to make it ""clinically safe"" for a human to just read the narrative. Resource definitions may define what content should be represented in the narrative to ensure clinical safety.","Contained resources do not have narrative. Resources that are not contained SHOULD have a narrative. In some cases, a resource may only have text with little or no additional discrete data (as long as all minOccurs=1 elements are satisfied).  This may be necessary for data from legacy systems where information is captured as a ""text blob"" or where text is additionally entered raw or narrated and encoded information is added later.","","","","","","","","",,,,,"",,,,"DomainResource.text",0,1,"","ele-1:All FHIR elements must have a @value or children {hasValue() or (children().count() > id.count())}
","Act.text?"
"AdverseEvent.contained","AdverseEvent.contained","","inline resources
anonymous resourcescontained resources","",0,*,"","","","Resource {[]} {[]}
","Contained, inline Resources","These resources do not have an independent existence apart from the resource that contains them - they cannot be identified independently, and nor can they have their own independent transaction scope.","This should never be done when the content can be identified properly, as once identification is lost, it is extremely difficult (and context dependent) to restore it again. Contained resources may have profiles and tags In their meta elements, but SHALL NOT have security labels.","","","","","","","","",,,,,"",,,,"DomainResource.contained",0,*,"","","N/A"
"AdverseEvent.extension","AdverseEvent.extension","","","",1,*,"","","","Extension {[]} {[]}
","Extension","An Extension","","","","","","","","","",,,,,"","value:url}
","",,"open","DomainResource.extension",0,*,"","ele-1:All FHIR elements must have a @value or children {hasValue() or (children().count() > id.count())}
ext-1:Must have either extensions or value[x], not both {extension.exists() != value.exists()}"
"AdverseEvent.extension:ctcGrade","AdverseEvent.extension","ctcGrade","","",1,1,"","","","Extension {[CanonicalType[http://onconova.github.io/fhir/StructureDefinition/onconova-ext-ctc-grade|0.1.0]]} {[]}
","CTCAE Grade","The grade of the adverse event as defined by the Common Terminology Criteria for Adverse Events (CTCAE).","","","","","","","","","",,,,,"",,,,"DomainResource.extension",0,*,"ele-1
","ele-1:All FHIR elements must have a @value or children {hasValue() or (children().count() > id.count())}
ext-1:Must have either extensions or value[x], not both {extension.exists() != value.exists()}ctcae-grade:The CTCAE grade must be between 1 and 5, inclusive. {valueInteger() >= 1 and valueInteger() <= 5}"
"AdverseEvent.extension:adverseEventMitigation","AdverseEvent.extension","adverseEventMitigation","","",0,*,"","","","Extension {[CanonicalType[http://onconova.github.io/fhir/StructureDefinition/onconova-ext-adverse-event-mitigation|0.1.0]]} {[]}
","Adverse Event Mitigation Action(s)","Details about an action taken to mitigate or manage the adverse event.","","","","","","","","","",,,,,"",,,,"DomainResource.extension",0,*,"ele-1
","ele-1:All FHIR elements must have a @value or children {hasValue() or (children().count() > id.count())}
ext-1:Must have either extensions or value[x], not both {extension.exists() != value.exists()}drug-mitigation:If the mitigation category is 'Drug', then only mitigation drug must be specified. {extension('category').valueCodeableConcept.coding.code = 'C49158' implies (extension('drug').exists() and not extension('procedure').exists() and not extension('adjustment').exists())}adjustment-mitigation:If the mitigation category is 'Adjustment', then only mitigation adjustment must be specified. {extension('category').valueCodeableConcept.coding.code = 'C49157' implies (extension('adjustment').exists() and not extension('procedure').exists() and not extension('drug').exists())}procedural-mitigation:If the mitigation category is 'Procedure', then only mitigation procedure must be specified. {extension('category').valueCodeableConcept.coding.code = 'C49159' implies (extension('procedure').exists() and not extension('adjustment').exists() and not extension('drug').exists())}"
"AdverseEvent.modifierExtension","AdverseEvent.modifierExtension","","extensions
user content","",0,*,"","Y","","Extension {[]} {[]}
","Extensions that cannot be ignored","May be used to represent additional information that is not part of the basic definition of the resource and that modifies the understanding of the element that contains it and/or the understanding of the containing element's descendants. Usually modifier elements provide negation or qualification. To make the use of extensions safe and manageable, there is a strict set of governance applied to the definition and use of extensions. Though any implementer is allowed to define an extension, there is a set of requirements that SHALL be met as part of the definition of the extension. Applications processing a resource are required to check for modifier extensions.

Modifier extensions SHALL NOT change the meaning of any elements on Resource or DomainResource (including cannot change the meaning of modifierExtension itself).","There can be no stigma associated with the use of extensions by any application, project, or standard - regardless of the institution or jurisdiction that uses or defines the extensions.  The use of extensions is what allows the FHIR specification to retain a core level of simplicity for everyone.","Modifier extensions allow for extensions that *cannot* be safely ignored to be clearly distinguished from the vast majority of extensions which can be safely ignored.  This promotes interoperability by eliminating the need for implementers to prohibit the presence of extensions. For further information, see the [definition of modifier extensions](http://hl7.org/fhir/R4/extensibility.html#modifierExtension).","","","","","","","",,,,,"",,,,"DomainResource.modifierExtension",0,*,"","ele-1:All FHIR elements must have a @value or children {hasValue() or (children().count() > id.count())}
ext-1:Must have either extensions or value[x], not both {extension.exists() != value.exists()}","N/A"
"AdverseEvent.identifier","AdverseEvent.identifier","","","",0,1,"","","Y","Identifier {[]} {[]}
","Business identifier for the event","Business identifiers assigned to this adverse event by the performer or other systems which remain constant as the resource is updated and propagates from server to server.","This is a business identifier, not a resource identifier (see [discussion](http://hl7.org/fhir/R4/resource.html#identifiers)).  It is best practice for the identifier to only appear on a single resource instance, however business practices may occasionally dictate that multiple resource instances with the same identifier can exist - possibly even with different resource types.  For example, multiple Patient and a Person resource instance might share the same social insurance number.","Allows identification of the adverse event as it is known by various participating systems and in a way that remains consistent across servers.","","","","","","","",,,,,"",,,,"AdverseEvent.identifier",0,1,"","ele-1:All FHIR elements must have a @value or children {hasValue() or (children().count() > id.count())}
"
"AdverseEvent.actuality","AdverseEvent.actuality","","","",1,1,"","Y","Y","code {[]} {[]}
","actual | potential","Whether the event actually happened, or just had the potential to. Note that this is independent of whether anyone was affected or harmed or how severely.","","","","","","<valueCode xmlns=""http://hl7.org/fhir"" value=""actual""/>","","","",,"required","Overall nature of the adverse event, e.g. real or potential.","http://hl7.org/fhir/ValueSet/adverse-event-actuality|4.0.1","",,,,"AdverseEvent.actuality",1,1,"","ele-1:All FHIR elements must have a @value or children {hasValue() or (children().count() > id.count())}
","FiveWs.class"
"AdverseEvent.category","AdverseEvent.category","","","",0,*,"","","Y","CodeableConcept {[]} {[]}
","Not used in this profile","Not used in this profile","","","","","","","","","",,"extensible","Overall categorization of the event, e.g. product-related or situational.","http://hl7.org/fhir/ValueSet/adverse-event-category|4.0.1","",,,,"AdverseEvent.category",0,*,"","ele-1:All FHIR elements must have a @value or children {hasValue() or (children().count() > id.count())}
","FiveWs.class"
"AdverseEvent.event","AdverseEvent.event","","","",0,1,"","","Y","CodeableConcept {[]} {[]}
","Type of the event itself in relation to the subject","This element defines the specific type of event that occurred or that was prevented from occurring.","","","","","","","","","",,"required","","http://onconova.github.io/fhir/ValueSet/onconova-vs-ctc-adverse-events|0.1.0","",,,,"AdverseEvent.event",0,1,"","ele-1:All FHIR elements must have a @value or children {hasValue() or (children().count() > id.count())}
","FiveWs.what[x]"
"AdverseEvent.subject","AdverseEvent.subject","","patient
","",1,1,"","","Y","Reference {[]} {[CanonicalType[http://onconova.github.io/fhir/StructureDefinition/onconova-cancer-patient|0.1.0]]}
","Subject impacted by event","This subject or group impacted by the event.","If AdverseEvent.resultingCondition differs among members of the group, then use Patient as the subject.","Allows for exposure of biohazard (such as legionella) to a group of individuals in a hospital.","","","","","","","",,,,,"",,,,"AdverseEvent.subject",1,1,"","ele-1:All FHIR elements must have a @value or children {hasValue() or (children().count() > id.count())}
","FiveWs.who"
"AdverseEvent.encounter","AdverseEvent.encounter","","","",0,1,"","","Y","Reference {[]} {[CanonicalType[http://hl7.org/fhir/StructureDefinition/Encounter|4.0.1]]}
","Not used in this profile","Not used in this profile","This will typically be the encounter the event occurred within, but some activities may be initiated prior to or after the official completion of an encounter but still be tied to the context of the encounter.  For example, if a medication administration was considered an adverse event because it resulted in a rash, then the encounter when the medication administration was given is the context.  If the patient reports the AdverseEvent during a second encounter, that second encounter is not the context.","","","","","","","","",,,,,"",,,,"AdverseEvent.encounter",0,1,"","ele-1:All FHIR elements must have a @value or children {hasValue() or (children().count() > id.count())}
","FiveWs.context"
"AdverseEvent.date","AdverseEvent.date","","","",0,1,"","","Y","dateTime {[]} {[]}
","When the event occurred","The date (and perhaps time) when the adverse event occurred.","","","","","","","","","",,,,,"",,,,"AdverseEvent.date",0,1,"","ele-1:All FHIR elements must have a @value or children {hasValue() or (children().count() > id.count())}
","FiveWs.init"
"AdverseEvent.detected","AdverseEvent.detected","","","",0,1,"","","Y","dateTime {[]} {[]}
","Not used in this profile","Not used in this profile","","","","","","","","","",,,,,"",,,,"AdverseEvent.detected",0,1,"","ele-1:All FHIR elements must have a @value or children {hasValue() or (children().count() > id.count())}
"
"AdverseEvent.recordedDate","AdverseEvent.recordedDate","","","",0,1,"","","Y","dateTime {[]} {[]}
","Not used in this profile","Not used in this profile","The recordedDate represents the date when this particular AdverseEvent record was created in the system, not the date of the most recent update.  The date of the last record modification can be retrieved from the resource metadata.","","","","","","","","",,,,,"",,,,"AdverseEvent.recordedDate",0,1,"","ele-1:All FHIR elements must have a @value or children {hasValue() or (children().count() > id.count())}
","FiveWs.recorded"
"AdverseEvent.resultingCondition","AdverseEvent.resultingCondition","","","",0,*,"","","Y","Reference {[]} {[CanonicalType[http://hl7.org/fhir/StructureDefinition/Condition|4.0.1]]}
","Not used in this profile","Not used in this profile","","","","","","","","","",,,,,"",,,,"AdverseEvent.resultingCondition",0,*,"","ele-1:All FHIR elements must have a @value or children {hasValue() or (children().count() > id.count())}
"
"AdverseEvent.location","AdverseEvent.location","","","",0,1,"","","Y","Reference {[]} {[CanonicalType[http://hl7.org/fhir/StructureDefinition/Location|4.0.1]]}
","Not used in this profile","Not used in this profile","","","","","","","","","",,,,,"",,,,"AdverseEvent.location",0,1,"","ele-1:All FHIR elements must have a @value or children {hasValue() or (children().count() > id.count())}
"
"AdverseEvent.seriousness","AdverseEvent.seriousness","","","",0,1,"","","Y","CodeableConcept {[]} {[]}
","Not used in this profile","Not used in this profile","","","","","","","","","",,"example","Overall seriousness of this event for the patient.","http://hl7.org/fhir/ValueSet/adverse-event-seriousness|4.0.1","",,,,"AdverseEvent.seriousness",0,1,"","ele-1:All FHIR elements must have a @value or children {hasValue() or (children().count() > id.count())}
"
"AdverseEvent.severity","AdverseEvent.severity","","","",0,1,"","","Y","CodeableConcept {[]} {[]}
","Not used in this profile","Not used in this profile","","","","","","","","","",,"required","The severity of the adverse event itself, in direct relation to the subject.","http://hl7.org/fhir/ValueSet/adverse-event-severity|4.0.1","",,,,"AdverseEvent.severity",0,1,"","ele-1:All FHIR elements must have a @value or children {hasValue() or (children().count() > id.count())}
"
"AdverseEvent.outcome","AdverseEvent.outcome","","","",0,1,"","","Y","CodeableConcept {[]} {[]}
","resolved | recovering | ongoing | resolvedWithSequelae | fatal | unknown","Describes the type of outcome from the adverse event.","","","","","","","","","",,"required","TODO (and should this be required?).","http://hl7.org/fhir/ValueSet/adverse-event-outcome|4.0.1","",,,,"AdverseEvent.outcome",0,1,"","ele-1:All FHIR elements must have a @value or children {hasValue() or (children().count() > id.count())}
"
"AdverseEvent.recorder","AdverseEvent.recorder","","","",0,1,"","","Y","Reference {[]} {[CanonicalType[http://hl7.org/fhir/StructureDefinition/Patient|4.0.1], CanonicalType[http://hl7.org/fhir/StructureDefinition/Practitioner|4.0.1], CanonicalType[http://hl7.org/fhir/StructureDefinition/PractitionerRole|4.0.1], CanonicalType[http://hl7.org/fhir/StructureDefinition/RelatedPerson|4.0.1]]}
","Not used in this profile","Not used in this profile","","","","","","","","","",,,,,"",,,,"AdverseEvent.recorder",0,1,"","ele-1:All FHIR elements must have a @value or children {hasValue() or (children().count() > id.count())}
","FiveWs.author"
"AdverseEvent.contributor","AdverseEvent.contributor","","","",0,*,"","","Y","Reference {[]} {[CanonicalType[http://hl7.org/fhir/StructureDefinition/Practitioner|4.0.1], CanonicalType[http://hl7.org/fhir/StructureDefinition/PractitionerRole|4.0.1], CanonicalType[http://hl7.org/fhir/StructureDefinition/Device|4.0.1]]}
","Not used in this profile","Not used in this profile","","","","","","","","","",,,,,"",,,,"AdverseEvent.contributor",0,*,"","ele-1:All FHIR elements must have a @value or children {hasValue() or (children().count() > id.count())}
"
"AdverseEvent.suspectEntity","AdverseEvent.suspectEntity","","","",0,*,"","","Y","BackboneElement {[]} {[]}
","The suspected agent causing the adverse event","Describes the entity that is suspected to have caused the adverse event.","","","","","","","","","",,,,,"",,,,"AdverseEvent.suspectEntity",0,*,"","ele-1:All FHIR elements must have a @value or children {hasValue() or (children().count() > id.count())}
"
"AdverseEvent.suspectEntity.id","AdverseEvent.suspectEntity.id","","","",0,1,"","","","string {[]} {[]}
","Unique id for inter-element referencing","Unique id for the element within a resource (for internal references). This may be any string value that does not contain spaces.","","","","","","","","","",,,,,"",,,,"Element.id",0,1,"","","n/a"
"AdverseEvent.suspectEntity.extension","AdverseEvent.suspectEntity.extension","","extensions
user content","",0,*,"","","","Extension {[]} {[]}
","Additional content defined by implementations","May be used to represent additional information that is not part of the basic definition of the element. To make the use of extensions safe and manageable, there is a strict set of governance  applied to the definition and use of extensions. Though any implementer can define an extension, there is a set of requirements that SHALL be met as part of the definition of the extension.","There can be no stigma associated with the use of extensions by any application, project, or standard - regardless of the institution or jurisdiction that uses or defines the extensions.  The use of extensions is what allows the FHIR specification to retain a core level of simplicity for everyone.","","","","","","","","",,,,,"",,,,"Element.extension",0,*,"","ele-1:All FHIR elements must have a @value or children {hasValue() or (children().count() > id.count())}
ext-1:Must have either extensions or value[x], not both {extension.exists() != value.exists()}","n/a"
"AdverseEvent.suspectEntity.modifierExtension","AdverseEvent.suspectEntity.modifierExtension","","extensions
user contentmodifiers","",0,*,"","Y","Y","Extension {[]} {[]}
","Extensions that cannot be ignored even if unrecognized","May be used to represent additional information that is not part of the basic definition of the element and that modifies the understanding of the element in which it is contained and/or the understanding of the containing element's descendants. Usually modifier elements provide negation or qualification. To make the use of extensions safe and manageable, there is a strict set of governance applied to the definition and use of extensions. Though any implementer can define an extension, there is a set of requirements that SHALL be met as part of the definition of the extension. Applications processing a resource are required to check for modifier extensions.

Modifier extensions SHALL NOT change the meaning of any elements on Resource or DomainResource (including cannot change the meaning of modifierExtension itself).","There can be no stigma associated with the use of extensions by any application, project, or standard - regardless of the institution or jurisdiction that uses or defines the extensions.  The use of extensions is what allows the FHIR specification to retain a core level of simplicity for everyone.","Modifier extensions allow for extensions that *cannot* be safely ignored to be clearly distinguished from the vast majority of extensions which can be safely ignored.  This promotes interoperability by eliminating the need for implementers to prohibit the presence of extensions. For further information, see the [definition of modifier extensions](http://hl7.org/fhir/R4/extensibility.html#modifierExtension).","","","","","","","",,,,,"",,,,"BackboneElement.modifierExtension",0,*,"","ele-1:All FHIR elements must have a @value or children {hasValue() or (children().count() > id.count())}
ext-1:Must have either extensions or value[x], not both {extension.exists() != value.exists()}","N/A"
"AdverseEvent.suspectEntity.instance","AdverseEvent.suspectEntity.instance","","Substance or Medication or Device
","",1,1,"","","Y","Reference {[]} {[CanonicalType[http://onconova.github.io/fhir/StructureDefinition/onconova-medication-administration|0.1.0], CanonicalType[http://onconova.github.io/fhir/StructureDefinition/onconova-radiotherapy-summary|0.1.0], CanonicalType[http://onconova.github.io/fhir/StructureDefinition/onconova-surgical-procedure|0.1.0]]}
","Refers to the specific entity that caused the adverse event","Identifies the actual instance of what caused the adverse event.  May be a substance, medication, medication administration, medication statement or a device.","","","","","","","","","",,,,,"",,,,"AdverseEvent.suspectEntity.instance",1,1,"","ele-1:All FHIR elements must have a @value or children {hasValue() or (children().count() > id.count())}
"
"AdverseEvent.suspectEntity.causality","AdverseEvent.suspectEntity.causality","","","",0,*,"","","Y","BackboneElement {[]} {[]}
","Information on the possible cause of the event","Information on the possible cause of the event.","","","","","","","","","",,,,,"",,,,"AdverseEvent.suspectEntity.causality",0,*,"","ele-1:All FHIR elements must have a @value or children {hasValue() or (children().count() > id.count())}
"
"AdverseEvent.suspectEntity.causality.id","AdverseEvent.suspectEntity.causality.id","","","",0,1,"","","","string {[]} {[]}
","Unique id for inter-element referencing","Unique id for the element within a resource (for internal references). This may be any string value that does not contain spaces.","","","","","","","","","",,,,,"",,,,"Element.id",0,1,"","","n/a"
"AdverseEvent.suspectEntity.causality.extension","AdverseEvent.suspectEntity.causality.extension","","extensions
user content","",0,*,"","","","Extension {[]} {[]}
","Additional content defined by implementations","May be used to represent additional information that is not part of the basic definition of the element. To make the use of extensions safe and manageable, there is a strict set of governance  applied to the definition and use of extensions. Though any implementer can define an extension, there is a set of requirements that SHALL be met as part of the definition of the extension.","There can be no stigma associated with the use of extensions by any application, project, or standard - regardless of the institution or jurisdiction that uses or defines the extensions.  The use of extensions is what allows the FHIR specification to retain a core level of simplicity for everyone.","","","","","","","","",,,,,"",,,,"Element.extension",0,*,"","ele-1:All FHIR elements must have a @value or children {hasValue() or (children().count() > id.count())}
ext-1:Must have either extensions or value[x], not both {extension.exists() != value.exists()}","n/a"
"AdverseEvent.suspectEntity.causality.modifierExtension","AdverseEvent.suspectEntity.causality.modifierExtension","","extensions
user contentmodifiers","",0,*,"","Y","Y","Extension {[]} {[]}
","Extensions that cannot be ignored even if unrecognized","May be used to represent additional information that is not part of the basic definition of the element and that modifies the understanding of the element in which it is contained and/or the understanding of the containing element's descendants. Usually modifier elements provide negation or qualification. To make the use of extensions safe and manageable, there is a strict set of governance applied to the definition and use of extensions. Though any implementer can define an extension, there is a set of requirements that SHALL be met as part of the definition of the extension. Applications processing a resource are required to check for modifier extensions.

Modifier extensions SHALL NOT change the meaning of any elements on Resource or DomainResource (including cannot change the meaning of modifierExtension itself).","There can be no stigma associated with the use of extensions by any application, project, or standard - regardless of the institution or jurisdiction that uses or defines the extensions.  The use of extensions is what allows the FHIR specification to retain a core level of simplicity for everyone.","Modifier extensions allow for extensions that *cannot* be safely ignored to be clearly distinguished from the vast majority of extensions which can be safely ignored.  This promotes interoperability by eliminating the need for implementers to prohibit the presence of extensions. For further information, see the [definition of modifier extensions](http://hl7.org/fhir/R4/extensibility.html#modifierExtension).","","","","","","","",,,,,"",,,,"BackboneElement.modifierExtension",0,*,"","ele-1:All FHIR elements must have a @value or children {hasValue() or (children().count() > id.count())}
ext-1:Must have either extensions or value[x], not both {extension.exists() != value.exists()}","N/A"
"AdverseEvent.suspectEntity.causality.assessment","AdverseEvent.suspectEntity.causality.assessment","","","",0,1,"","","Y","CodeableConcept {[]} {[]}
","Assessment of if the entity caused the event","Assessment of if the entity caused the event.","","","","","","","","","",,"example","Codes for the assessment of whether the entity caused the event.","http://hl7.org/fhir/ValueSet/adverse-event-causality-assess|4.0.1","",,,,"AdverseEvent.suspectEntity.causality.assessment",0,1,"","ele-1:All FHIR elements must have a @value or children {hasValue() or (children().count() > id.count())}
"
"AdverseEvent.suspectEntity.causality.productRelatedness","AdverseEvent.suspectEntity.causality.productRelatedness","","","",0,1,"","","Y","string {[]} {[]}
","AdverseEvent.suspectEntity.causalityProductRelatedness","AdverseEvent.suspectEntity.causalityProductRelatedness.","","","","","","","","","",,,,,"",,,,"AdverseEvent.suspectEntity.causality.productRelatedness",0,1,"","ele-1:All FHIR elements must have a @value or children {hasValue() or (children().count() > id.count())}
"
"AdverseEvent.suspectEntity.causality.author","AdverseEvent.suspectEntity.causality.author","","","",0,1,"","","Y","Reference {[]} {[CanonicalType[http://hl7.org/fhir/StructureDefinition/Practitioner|4.0.1], CanonicalType[http://hl7.org/fhir/StructureDefinition/PractitionerRole|4.0.1]]}
","AdverseEvent.suspectEntity.causalityAuthor","AdverseEvent.suspectEntity.causalityAuthor.","","","","","","","","","",,,,,"",,,,"AdverseEvent.suspectEntity.causality.author",0,1,"","ele-1:All FHIR elements must have a @value or children {hasValue() or (children().count() > id.count())}
"
"AdverseEvent.suspectEntity.causality.method","AdverseEvent.suspectEntity.causality.method","","","",0,1,"","","Y","CodeableConcept {[]} {[]}
","ProbabilityScale | Bayesian | Checklist","ProbabilityScale | Bayesian | Checklist.","","","","","","","","","",,"example","TODO.","http://hl7.org/fhir/ValueSet/adverse-event-causality-method|4.0.1","",,,,"AdverseEvent.suspectEntity.causality.method",0,1,"","ele-1:All FHIR elements must have a @value or children {hasValue() or (children().count() > id.count())}
"
"AdverseEvent.subjectMedicalHistory","AdverseEvent.subjectMedicalHistory","","","",0,*,"","","Y","Reference {[]} {[CanonicalType[http://hl7.org/fhir/StructureDefinition/Condition|4.0.1], CanonicalType[http://hl7.org/fhir/StructureDefinition/Observation|4.0.1], CanonicalType[http://hl7.org/fhir/StructureDefinition/AllergyIntolerance|4.0.1], CanonicalType[http://hl7.org/fhir/StructureDefinition/FamilyMemberHistory|4.0.1], CanonicalType[http://hl7.org/fhir/StructureDefinition/Immunization|4.0.1], CanonicalType[http://hl7.org/fhir/StructureDefinition/Procedure|4.0.1], CanonicalType[http://hl7.org/fhir/StructureDefinition/Media|4.0.1], CanonicalType[http://hl7.org/fhir/StructureDefinition/DocumentReference|4.0.1]]}
","AdverseEvent.subjectMedicalHistory","AdverseEvent.subjectMedicalHistory.","","","","","","","","","",,,,,"",,,,"AdverseEvent.subjectMedicalHistory",0,*,"","ele-1:All FHIR elements must have a @value or children {hasValue() or (children().count() > id.count())}
"
"AdverseEvent.referenceDocument","AdverseEvent.referenceDocument","","","",0,*,"","","Y","Reference {[]} {[CanonicalType[http://hl7.org/fhir/StructureDefinition/DocumentReference|4.0.1]]}
","AdverseEvent.referenceDocument","AdverseEvent.referenceDocument.","","","","","","","","","",,,,,"",,,,"AdverseEvent.referenceDocument",0,*,"","ele-1:All FHIR elements must have a @value or children {hasValue() or (children().count() > id.count())}
"
"AdverseEvent.study","AdverseEvent.study","","","",0,*,"","","Y","Reference {[]} {[CanonicalType[http://hl7.org/fhir/StructureDefinition/ResearchStudy|4.0.1]]}
","AdverseEvent.study","AdverseEvent.study.","","","","","","","","","",,,,,"",,,,"AdverseEvent.study",0,*,"","ele-1:All FHIR elements must have a @value or children {hasValue() or (children().count() > id.count())}
"
