"Id","Path","Slice Name","Alias(s)","Label","Min","Max","Must Support?","Is Modifier?","Is Summary?","Type(s)","Short","Definition","Comments","Requirements","Default Value","Meaning When Missing","Fixed Value","Pattern","Example","Minimum Value","Maximum Value","Maximum Length","Binding Strength","Binding Description","Binding Value Set","Code","Slicing Discriminator","Slicing Description","Slicing Ordered","Slicing Rules","Base Path","Base Min","Base Max","Condition(s)","Constraint(s)","Mapping: Workflow Pattern","Mapping: HL7 v2 Mapping","Mapping: RIM Mapping","Mapping: FiveWs Pattern Mapping"
"FamilyMemberHistory","FamilyMemberHistory","","","",0,*,"","","","null {[]} {[]}
","Information about patient's relatives, relevant for patient","Significant health conditions for a person related to the patient relevant in the context of care for the patient.","","","","","","","","","",,,,,"",,,,"FamilyMemberHistory",0,*,"","dom-2:If the resource is contained in another resource, it SHALL NOT contain nested Resources {contained.contained.empty()}
dom-3:If the resource is contained in another resource, it SHALL be referred to from elsewhere in the resource or SHALL refer to the containing resource {contained.where((('#'+id in (%resource.descendants().reference | %resource.descendants().as(canonical) | %resource.descendants().as(uri) | %resource.descendants().as(url))) or descendants().where(reference = '#').exists() or descendants().where(as(canonical) = '#').exists() or descendants().where(as(canonical) = '#').exists()).not()).trace('unmatched', id).empty()}dom-4:If a resource is contained in another resource, it SHALL NOT have a meta.versionId or a meta.lastUpdated {contained.meta.versionId.empty() and contained.meta.lastUpdated.empty()}dom-5:If a resource is contained in another resource, it SHALL NOT have a security label {contained.meta.security.empty()}dom-6:A resource should have narrative for robust management {text.`div`.exists()}fhs-1:Can have age[x] or born[x], but not both {age.empty() or born.empty()}fhs-2:Can only have estimatedAge if age[x] is present {age.exists() or estimatedAge.empty()}o-fam-req-1:The patient element is required and must be provided. {patient.exists()}o-fam-req-2:The date element is required and must be provided. {date.exists() and date.hasValue()}o-fam-req-3:The relationship element is required and must be provided. {relationship.exists() and relationship.coding.exists()}","Event","Not in scope for v2","Entity. Role, or Act","Observation[classCode=OBS, moodCode=EVN]"
"FamilyMemberHistory.id","FamilyMemberHistory.id","","","",0,1,"","","Y","id {[]} {[]}
","Logical id of this artifact","The logical id of the resource, as used in the URL for the resource. Once assigned, this value never changes.","The only time that a resource does not have an id is when it is being submitted to the server using a create operation.","","","","","","","","",,,,,"",,,,"Resource.id",0,1,"",""
"FamilyMemberHistory.meta","FamilyMemberHistory.meta","","","",0,1,"","","Y","Meta {[]} {[]}
","Metadata about the resource","The metadata about the resource. This is content that is maintained by the infrastructure. Changes to the content might not always be associated with version changes to the resource.","","","","","","","","","",,,,,"",,,,"Resource.meta",0,1,"","ele-1:All FHIR elements must have a @value or children {hasValue() or (children().count() > id.count())}
"
"FamilyMemberHistory.implicitRules","FamilyMemberHistory.implicitRules","","","",0,1,"","Y","Y","uri {[]} {[]}
","A set of rules under which this content was created","A reference to a set of rules that were followed when the resource was constructed, and which must be understood when processing the content. Often, this is a reference to an implementation guide that defines the special rules along with other profiles etc.","Asserting this rule set restricts the content to be only understood by a limited set of trading partners. This inherently limits the usefulness of the data in the long term. However, the existing health eco-system is highly fractured, and not yet ready to define, collect, and exchange data in a generally computable sense. Wherever possible, implementers and/or specification writers should avoid using this element. Often, when used, the URL is a reference to an implementation guide that defines these special rules as part of it's narrative along with other profiles, value sets, etc.","","","","","","","","",,,,,"",,,,"Resource.implicitRules",0,1,"","ele-1:All FHIR elements must have a @value or children {hasValue() or (children().count() > id.count())}
"
"FamilyMemberHistory.language","FamilyMemberHistory.language","","","",0,1,"","","","code {[]} {[]}
","Language of the resource content","The base language in which the resource is written.","Language is provided to support indexing and accessibility (typically, services such as text to speech use the language tag). The html language tag in the narrative applies  to the narrative. The language tag on the resource may be used to specify the language of other presentations generated from the data in the resource. Not all the content has to be in the base language. The Resource.language should not be assumed to apply to the narrative automatically. If a language is specified, it should it also be specified on the div element in the html (see rules in HTML5 for information about the relationship between xml:lang and the html lang attribute).","","","","","","","","",,"preferred","A human language.","http://hl7.org/fhir/ValueSet/languages|4.0.1","",,,,"Resource.language",0,1,"","ele-1:All FHIR elements must have a @value or children {hasValue() or (children().count() > id.count())}
"
"FamilyMemberHistory.text","FamilyMemberHistory.text","","narrative
htmlxhtmldisplay","",0,1,"","","","Narrative {[]} {[]}
","Text summary of the resource, for human interpretation","A human-readable narrative that contains a summary of the resource and can be used to represent the content of the resource to a human. The narrative need not encode all the structured data, but is required to contain sufficient detail to make it ""clinically safe"" for a human to just read the narrative. Resource definitions may define what content should be represented in the narrative to ensure clinical safety.","Contained resources do not have narrative. Resources that are not contained SHOULD have a narrative. In some cases, a resource may only have text with little or no additional discrete data (as long as all minOccurs=1 elements are satisfied).  This may be necessary for data from legacy systems where information is captured as a ""text blob"" or where text is additionally entered raw or narrated and encoded information is added later.","","","","","","","","",,,,,"",,,,"DomainResource.text",0,1,"","ele-1:All FHIR elements must have a @value or children {hasValue() or (children().count() > id.count())}
","Act.text?"
"FamilyMemberHistory.contained","FamilyMemberHistory.contained","","inline resources
anonymous resourcescontained resources","",0,*,"","","","Resource {[]} {[]}
","Contained, inline Resources","These resources do not have an independent existence apart from the resource that contains them - they cannot be identified independently, and nor can they have their own independent transaction scope.","This should never be done when the content can be identified properly, as once identification is lost, it is extremely difficult (and context dependent) to restore it again. Contained resources may have profiles and tags In their meta elements, but SHALL NOT have security labels.","","","","","","","","",,,,,"",,,,"DomainResource.contained",0,*,"","","N/A"
"FamilyMemberHistory.extension","FamilyMemberHistory.extension","","extensions
user content","",0,*,"","","","Extension {[]} {[]}
","Additional content defined by implementations","May be used to represent additional information that is not part of the basic definition of the resource. To make the use of extensions safe and manageable, there is a strict set of governance  applied to the definition and use of extensions. Though any implementer can define an extension, there is a set of requirements that SHALL be met as part of the definition of the extension.","There can be no stigma associated with the use of extensions by any application, project, or standard - regardless of the institution or jurisdiction that uses or defines the extensions.  The use of extensions is what allows the FHIR specification to retain a core level of simplicity for everyone.","","","","","","","","",,,,,"",,,,"DomainResource.extension",0,*,"","ele-1:All FHIR elements must have a @value or children {hasValue() or (children().count() > id.count())}
ext-1:Must have either extensions or value[x], not both {extension.exists() != value.exists()}","N/A"
"FamilyMemberHistory.modifierExtension","FamilyMemberHistory.modifierExtension","","extensions
user content","",0,*,"","Y","","Extension {[]} {[]}
","Extensions that cannot be ignored","May be used to represent additional information that is not part of the basic definition of the resource and that modifies the understanding of the element that contains it and/or the understanding of the containing element's descendants. Usually modifier elements provide negation or qualification. To make the use of extensions safe and manageable, there is a strict set of governance applied to the definition and use of extensions. Though any implementer is allowed to define an extension, there is a set of requirements that SHALL be met as part of the definition of the extension. Applications processing a resource are required to check for modifier extensions.

Modifier extensions SHALL NOT change the meaning of any elements on Resource or DomainResource (including cannot change the meaning of modifierExtension itself).","There can be no stigma associated with the use of extensions by any application, project, or standard - regardless of the institution or jurisdiction that uses or defines the extensions.  The use of extensions is what allows the FHIR specification to retain a core level of simplicity for everyone.","Modifier extensions allow for extensions that *cannot* be safely ignored to be clearly distinguished from the vast majority of extensions which can be safely ignored.  This promotes interoperability by eliminating the need for implementers to prohibit the presence of extensions. For further information, see the [definition of modifier extensions](http://hl7.org/fhir/R4/extensibility.html#modifierExtension).","","","","","","","",,,,,"",,,,"DomainResource.modifierExtension",0,*,"","ele-1:All FHIR elements must have a @value or children {hasValue() or (children().count() > id.count())}
ext-1:Must have either extensions or value[x], not both {extension.exists() != value.exists()}","N/A"
"FamilyMemberHistory.identifier","FamilyMemberHistory.identifier","","","",0,*,"","","Y","Identifier {[]} {[]}
","External Id(s) for this record","Business identifiers assigned to this family member history by the performer or other systems which remain constant as the resource is updated and propagates from server to server.","This is a business identifier, not a resource identifier (see [discussion](http://hl7.org/fhir/R4/resource.html#identifiers)).  It is best practice for the identifier to only appear on a single resource instance, however business practices may occasionally dictate that multiple resource instances with the same identifier can exist - possibly even with different resource types.  For example, multiple Patient and a Person resource instance might share the same social insurance number.","Allows identification of the family member history as it is known by various participating systems and in a way that remains consistent across servers.","","","","","","","",,,,,"",,,,"FamilyMemberHistory.identifier",0,*,"","ele-1:All FHIR elements must have a @value or children {hasValue() or (children().count() > id.count())}
","Event.identifier","id","FiveWs.identifier"
"FamilyMemberHistory.instantiatesCanonical","FamilyMemberHistory.instantiatesCanonical","","","",0,*,"","","Y","canonical {[]} {[CanonicalType[http://hl7.org/fhir/StructureDefinition/PlanDefinition|4.0.1], CanonicalType[http://hl7.org/fhir/StructureDefinition/Questionnaire|4.0.1], CanonicalType[http://hl7.org/fhir/StructureDefinition/ActivityDefinition|4.0.1], CanonicalType[http://hl7.org/fhir/StructureDefinition/Measure|4.0.1], CanonicalType[http://hl7.org/fhir/StructureDefinition/OperationDefinition|4.0.1]]}
","Instantiates FHIR protocol or definition","The URL pointing to a FHIR-defined protocol, guideline, orderset or other definition that is adhered to in whole or in part by this FamilyMemberHistory.","","","","","","","","","",,,,,"",,,,"FamilyMemberHistory.instantiatesCanonical",0,*,"","ele-1:All FHIR elements must have a @value or children {hasValue() or (children().count() > id.count())}
","Event.instantiatesCanonical",".outboundRelationship[typeCode=DEFN].target"
"FamilyMemberHistory.instantiatesUri","FamilyMemberHistory.instantiatesUri","","","",0,*,"","","Y","uri {[]} {[]}
","Instantiates external protocol or definition","The URL pointing to an externally maintained protocol, guideline, orderset or other definition that is adhered to in whole or in part by this FamilyMemberHistory.","This might be an HTML page, PDF, etc. or could just be a non-resolvable URI identifier.","","","","","","","","",,,,,"",,,,"FamilyMemberHistory.instantiatesUri",0,*,"","ele-1:All FHIR elements must have a @value or children {hasValue() or (children().count() > id.count())}
","Event.instantiatesUri",".outboundRelationship[typeCode=DEFN].target"
"FamilyMemberHistory.status","FamilyMemberHistory.status","","","",1,1,"","Y","Y","code {[]} {[]}
","partial | completed | entered-in-error | health-unknown","A code specifying the status of the record of the family history of a specific family member.","This element is labeled as a modifier because the status contains codes that mark the resource as not currently valid.","","","","","","","","",,"required","A code that identifies the status of the family history record.","http://hl7.org/fhir/ValueSet/history-status|4.0.1","",,,,"FamilyMemberHistory.status",1,1,"","ele-1:All FHIR elements must have a @value or children {hasValue() or (children().count() > id.count())}
","Event.status","FiveWs.status"
"FamilyMemberHistory.dataAbsentReason","FamilyMemberHistory.dataAbsentReason","","","",0,1,"","","Y","CodeableConcept {[]} {[]}
","subject-unknown | withheld | unable-to-obtain | deferred","Describes why the family member's history is not available.","","This is a separate element to allow it to have a distinct binding from reasonCode.","","","","","","","",,"example","Codes describing the reason why a family member's history is not available.","http://hl7.org/fhir/ValueSet/history-absent-reason|4.0.1","",,,,"FamilyMemberHistory.dataAbsentReason",0,1,"","ele-1:All FHIR elements must have a @value or children {hasValue() or (children().count() > id.count())}
",".reasonCode"
"FamilyMemberHistory.patient","FamilyMemberHistory.patient","","Proband
","",1,1,"","","Y","Reference {[]} {[CanonicalType[http://onconova.github.io/fhir/StructureDefinition/onconova-cancer-patient]]}
","The patient whose family member is the subject of this history","The person who this history concerns.","","","","","","","","","",,,,,"",,,,"FamilyMemberHistory.patient",1,1,"","ele-1:All FHIR elements must have a @value or children {hasValue() or (children().count() > id.count())}
","Event.subject","participation[typeCode=SBJ].role","FiveWs.subject[x]","FiveWs.subject"
"FamilyMemberHistory.date","FamilyMemberHistory.date","","","",0,1,"","","Y","dateTime {[]} {[]}
","When history was recorded or last updated","The date (and possibly time) when the family member history was recorded or last updated.","This should be captured even if the same as the date on the List aggregating the full family history.","Allows determination of how current the summary is.","","","","","","","",,,,,"",,,,"FamilyMemberHistory.date",0,1,"","ele-1:All FHIR elements must have a @value or children {hasValue() or (children().count() > id.count())}
","participation[typeCode=AUT].time","FiveWs.recorded"
"FamilyMemberHistory.name","FamilyMemberHistory.name","","","",0,1,"","","Y","string {[]} {[]}
","Not used in this profile","Not used in this profile","","Allows greater ease in ensuring the same person is being talked about.","","","","","","","",,,,,"",,,,"FamilyMemberHistory.name",0,1,"","ele-1:All FHIR elements must have a @value or children {hasValue() or (children().count() > id.count())}
","name"
"FamilyMemberHistory.relationship","FamilyMemberHistory.relationship","","","",1,1,"","","Y","CodeableConcept {[]} {[]}
","Relationship to the subject","The type of relationship this person has to the patient (father, mother, brother etc.).","","","","","","","","","",,"example","The nature of the relationship between the patient and the related person being described in the family member history.","http://terminology.hl7.org/ValueSet/v3-FamilyMember","",,,,"FamilyMemberHistory.relationship",1,1,"","ele-1:All FHIR elements must have a @value or children {hasValue() or (children().count() > id.count())}
","code"
"FamilyMemberHistory.sex","FamilyMemberHistory.sex","","","",0,1,"","","Y","CodeableConcept {[]} {[]}
","Not used in this profile","Not used in this profile","This element should ideally reflect whether the individual is genetically male or female.  However, as reported information based on the knowledge of the patient or reporting friend/relative, there may be situations where the reported sex might not be totally accurate.  E.g. 'Aunt Sue' might be XY rather than XX.  Questions soliciting this information should be phrased to encourage capture of genetic sex where known.  However, systems performing analysis should also allow for the possibility of imprecision with this element.","Not all relationship codes imply sex and the relative's sex can be relevant for risk assessments.","","","","","","","",,"extensible","Codes describing the sex assigned at birth as documented on the birth registration.","http://hl7.org/fhir/ValueSet/administrative-gender|4.0.1","",,,,"FamilyMemberHistory.sex",0,1,"","ele-1:All FHIR elements must have a @value or children {hasValue() or (children().count() > id.count())}
"
"FamilyMemberHistory.born[x]","FamilyMemberHistory.born[x]","","","",0,1,"","","","Period {[]} {[]}
date {[]} {[]}string {[]} {[]}","Not used in this profile","Not used in this profile","","Allows calculation of the relative's age.","","","","","","","",,,,,"",,,,"FamilyMemberHistory.born[x]",0,1,"fhs-1
","ele-1:All FHIR elements must have a @value or children {hasValue() or (children().count() > id.count())}
","player[classCode=LIV, determinerCode=INSTANCE]. birthDate (could be URG)"
"FamilyMemberHistory.age[x]","FamilyMemberHistory.age[x]","","","",0,1,"","","Y","Age {[]} {[]}
Range {[]} {[]}string {[]} {[]}","Not used in this profile","Not used in this profile","use estimatedAge to indicate whether the age is actual or not.","While age can be calculated from date of birth, sometimes recording age directly is more natural for clinicians.","","","","","","","",,,,,"",,,,"FamilyMemberHistory.age[x]",0,1,"fhs-1
","ele-1:All FHIR elements must have a @value or children {hasValue() or (children().count() > id.count())}
","participation[typeCode=SBJ].act[classCode=OBS,moodCode=EVN, code=""age""].value"
"FamilyMemberHistory.estimatedAge","FamilyMemberHistory.estimatedAge","","","",0,1,"","","Y","boolean {[]} {[]}
","Not used in this profile","Not used in this profile","This element is labeled as a modifier because the fact that age is estimated can/should change the results of any algorithm that calculates based on the specified age.","Clinicians often prefer to specify an estimaged age rather than an age range.","","It is unknown whether the age is an estimate or not","","","","","",,,,,"",,,,"FamilyMemberHistory.estimatedAge",0,1,"fhs-2
","ele-1:All FHIR elements must have a @value or children {hasValue() or (children().count() > id.count())}
"
"FamilyMemberHistory.deceased[x]","FamilyMemberHistory.deceased[x]","","","",0,1,"","","Y","boolean {[]} {[]}
","Indicates whether the family member is deceased","Deceased flag or the actual or approximate age of the relative at the time of death for the family member history record.","","","","","","","","","",,,,,"",,,,"FamilyMemberHistory.deceased[x]",0,1,"","ele-1:All FHIR elements must have a @value or children {hasValue() or (children().count() > id.count())}
","player[classCode=LIV, determinerCode=INSTANCE].deceasedInd, deceasedDate (could be URG)  For age, you'd hang an observation off the role"
"FamilyMemberHistory.reasonCode","FamilyMemberHistory.reasonCode","","","",0,*,"","","Y","CodeableConcept {[]} {[]}
","Not used in this profile","Not used in this profile","Textual reasons can be captured using reasonCode.text.","","","","","","","","",,"example","Codes indicating why the family member history was done.","http://hl7.org/fhir/ValueSet/clinical-findings|4.0.1","",,,,"FamilyMemberHistory.reasonCode",0,*,"","ele-1:All FHIR elements must have a @value or children {hasValue() or (children().count() > id.count())}
","Event.reasonCode",".reasonCode","FiveWs.why[x]"
"FamilyMemberHistory.reasonReference","FamilyMemberHistory.reasonReference","","","",0,*,"","","Y","Reference {[]} {[CanonicalType[http://hl7.org/fhir/StructureDefinition/Condition|4.0.1], CanonicalType[http://hl7.org/fhir/StructureDefinition/Observation|4.0.1], CanonicalType[http://hl7.org/fhir/StructureDefinition/AllergyIntolerance|4.0.1], CanonicalType[http://hl7.org/fhir/StructureDefinition/QuestionnaireResponse|4.0.1], CanonicalType[http://hl7.org/fhir/StructureDefinition/DiagnosticReport|4.0.1], CanonicalType[http://hl7.org/fhir/StructureDefinition/DocumentReference|4.0.1]]}
","Not used in this profile","Not used in this profile","","","","","","","","","",,,,,"",,,,"FamilyMemberHistory.reasonReference",0,*,"","ele-1:All FHIR elements must have a @value or children {hasValue() or (children().count() > id.count())}
","Event.reasonReference",".outboundRelationship[typeCode=RSON].target","FiveWs.why[x]"
"FamilyMemberHistory.note","FamilyMemberHistory.note","","","",0,*,"","","","Annotation {[]} {[]}
","General note about related person","This property allows a non condition-specific note to the made about the related person. Ideally, the note would be in the condition property, but this is not always possible.","","","","","","","","","",,,,,"",,,,"FamilyMemberHistory.note",0,*,"","ele-1:All FHIR elements must have a @value or children {hasValue() or (children().count() > id.count())}
","Event.note","inboundRelationship[typeCode=SUBJ].source[classCode=OBS, moodCode=EVN, code=ActCode#ANNGEN].value"
"FamilyMemberHistory.condition","FamilyMemberHistory.condition","","","",1,*,"Y","","","BackboneElement {[]} {[]}
","Condition that the related person had","The significant Conditions (or condition) that the family member had. This is a repeating section to allow a system to represent more than one condition per resource, though there is nothing stopping multiple resources - one per condition.","","","","","","","","","",,,,,"","value:code}
","",,"open","FamilyMemberHistory.condition",0,*,"","ele-1:All FHIR elements must have a @value or children {hasValue() or (children().count() > id.count())}
","inboundRelationship[typeCode=SUBJ].source[classCode=OBS, moodCode=EVN, code=ActCode#ASSERTION, value<Diagnosis]"
"FamilyMemberHistory.condition.id","FamilyMemberHistory.condition.id","","","",0,1,"","","","string {[]} {[]}
","Unique id for inter-element referencing","Unique id for the element within a resource (for internal references). This may be any string value that does not contain spaces.","","","","","","","","","",,,,,"",,,,"Element.id",0,1,"","","n/a"
"FamilyMemberHistory.condition.extension","FamilyMemberHistory.condition.extension","","extensions
user content","",0,*,"","","","Extension {[]} {[]}
","Additional content defined by implementations","May be used to represent additional information that is not part of the basic definition of the element. To make the use of extensions safe and manageable, there is a strict set of governance  applied to the definition and use of extensions. Though any implementer can define an extension, there is a set of requirements that SHALL be met as part of the definition of the extension.","There can be no stigma associated with the use of extensions by any application, project, or standard - regardless of the institution or jurisdiction that uses or defines the extensions.  The use of extensions is what allows the FHIR specification to retain a core level of simplicity for everyone.","","","","","","","","",,,,,"",,,,"Element.extension",0,*,"","ele-1:All FHIR elements must have a @value or children {hasValue() or (children().count() > id.count())}
ext-1:Must have either extensions or value[x], not both {extension.exists() != value.exists()}","n/a"
"FamilyMemberHistory.condition.modifierExtension","FamilyMemberHistory.condition.modifierExtension","","extensions
user contentmodifiers","",0,*,"","Y","Y","Extension {[]} {[]}
","Extensions that cannot be ignored even if unrecognized","May be used to represent additional information that is not part of the basic definition of the element and that modifies the understanding of the element in which it is contained and/or the understanding of the containing element's descendants. Usually modifier elements provide negation or qualification. To make the use of extensions safe and manageable, there is a strict set of governance applied to the definition and use of extensions. Though any implementer can define an extension, there is a set of requirements that SHALL be met as part of the definition of the extension. Applications processing a resource are required to check for modifier extensions.

Modifier extensions SHALL NOT change the meaning of any elements on Resource or DomainResource (including cannot change the meaning of modifierExtension itself).","There can be no stigma associated with the use of extensions by any application, project, or standard - regardless of the institution or jurisdiction that uses or defines the extensions.  The use of extensions is what allows the FHIR specification to retain a core level of simplicity for everyone.","Modifier extensions allow for extensions that *cannot* be safely ignored to be clearly distinguished from the vast majority of extensions which can be safely ignored.  This promotes interoperability by eliminating the need for implementers to prohibit the presence of extensions. For further information, see the [definition of modifier extensions](http://hl7.org/fhir/R4/extensibility.html#modifierExtension).","","","","","","","",,,,,"",,,,"BackboneElement.modifierExtension",0,*,"","ele-1:All FHIR elements must have a @value or children {hasValue() or (children().count() > id.count())}
ext-1:Must have either extensions or value[x], not both {extension.exists() != value.exists()}","N/A"
"FamilyMemberHistory.condition.code","FamilyMemberHistory.condition.code","","","",1,1,"","","","CodeableConcept {[]} {[]}
","Condition suffered by relation","The actual condition specified. Could be a coded condition (like MI or Diabetes) or a less specific string like 'cancer' depending on how much is known about the condition and the capabilities of the creating system.","","","","","","","","","",,"example","Identification of the Condition or diagnosis.","http://hl7.org/fhir/ValueSet/condition-code|4.0.1","",,,,"FamilyMemberHistory.condition.code",1,1,"","ele-1:All FHIR elements must have a @value or children {hasValue() or (children().count() > id.count())}
",".value"
"FamilyMemberHistory.condition.outcome","FamilyMemberHistory.condition.outcome","","","",0,1,"","","","CodeableConcept {[]} {[]}
","deceased | permanent disability | etc.","Indicates what happened following the condition.  If the condition resulted in death, deceased date is captured on the relation.","","","","","","","","","",,"example","The result of the condition for the patient; e.g. death, permanent disability, temporary disability, etc.","http://hl7.org/fhir/ValueSet/condition-outcome|4.0.1","",,,,"FamilyMemberHistory.condition.outcome",0,1,"","ele-1:All FHIR elements must have a @value or children {hasValue() or (children().count() > id.count())}
","outboundRelationship[typeCode=OUTC)].target[classCode=OBS, moodCode=EVN, code=ActCode#ASSERTION].value"
"FamilyMemberHistory.condition.contributedToDeath","FamilyMemberHistory.condition.contributedToDeath","","","",0,1,"","","","boolean {[]} {[]}
","Whether the condition contributed to the cause of death","This condition contributed to the cause of death of the related person. If contributedToDeath is not populated, then it is unknown.","","","","","","","","","",,,,,"",,,,"FamilyMemberHistory.condition.contributedToDeath",0,1,"","ele-1:All FHIR elements must have a @value or children {hasValue() or (children().count() > id.count())}
"
"FamilyMemberHistory.condition.onset[x]","FamilyMemberHistory.condition.onset[x]","","","",0,1,"","","","Age {[]} {[]}
Range {[]} {[]}Period {[]} {[]}string {[]} {[]}","When condition first manifested","Either the age of onset, range of approximate age or descriptive string can be recorded.  For conditions with multiple occurrences, this describes the first known occurrence.","","Age of onset of a condition in relatives is predictive of risk for the patient.","","","","","","","",,,,,"",,,,"FamilyMemberHistory.condition.onset[x]",0,1,"","ele-1:All FHIR elements must have a @value or children {hasValue() or (children().count() > id.count())}
","inboundRelationship[typeCode=SUBJ].source[classCode=OBS, moodCode=EVN, code=""Subject Age at measurement"", value<Diagnosis].value[@xsi:typeCode='TS' or 'IVL_TS']  Use originalText for string"
"FamilyMemberHistory.condition.note","FamilyMemberHistory.condition.note","","","",0,*,"","","","Annotation {[]} {[]}
","Extra information about condition","An area where general notes can be placed about this specific condition.","","","","","","","","","",,,,,"",,,,"FamilyMemberHistory.condition.note",0,*,"","ele-1:All FHIR elements must have a @value or children {hasValue() or (children().count() > id.count())}
","inboundRelationship[typeCode=SUBJ].source[classCode=OBS, moodCode=EVN, code=ActCode#ANNGEN].value"
"FamilyMemberHistory.condition:cancerCondition","FamilyMemberHistory.condition","cancerCondition","","",1,*,"Y","","","BackboneElement {[]} {[]}
","Condition that the related person had","The significant Conditions (or condition) that the family member had. This is a repeating section to allow a system to represent more than one condition per resource, though there is nothing stopping multiple resources - one per condition.","","","","","","","","","",,,,,"",,,,"FamilyMemberHistory.condition",0,*,"","ele-1:All FHIR elements must have a @value or children {hasValue() or (children().count() > id.count())}
","inboundRelationship[typeCode=SUBJ].source[classCode=OBS, moodCode=EVN, code=ActCode#ASSERTION, value<Diagnosis]"
"FamilyMemberHistory.condition:cancerCondition.id","FamilyMemberHistory.condition.id","","","",0,1,"","","","string {[]} {[]}
","Unique id for inter-element referencing","Unique id for the element within a resource (for internal references). This may be any string value that does not contain spaces.","","","","","","","","","",,,,,"",,,,"Element.id",0,1,"","","n/a"
"FamilyMemberHistory.condition:cancerCondition.extension","FamilyMemberHistory.condition.extension","","","",0,*,"","","","Extension {[]} {[]}
","Extension","An Extension","","","","","","","","","",,,,,"","value:url}
","",,"open","Element.extension",0,*,"","ele-1:All FHIR elements must have a @value or children {hasValue() or (children().count() > id.count())}
ext-1:Must have either extensions or value[x], not both {extension.exists() != value.exists()}"
"FamilyMemberHistory.condition:cancerCondition.extension:morphology","FamilyMemberHistory.condition.extension","morphology","","",0,1,"Y","","","Extension {[CanonicalType[http://onconova.github.io/fhir/StructureDefinition/onconova-ext-family-history-member-cancer-morphology]]} {[]}
","Family Member History Cancer Morphology","The morphology of a historical cancer associated to a family member of a patient, represented by an ICD-O-3 code.","","","","","","","","","",,,,,"",,,,"Element.extension",0,*,"ele-1
","ele-1:All FHIR elements must have a @value or children {hasValue() or (children().count() > id.count())}
ext-1:Must have either extensions or value[x], not both {extension.exists() != value.exists()}"
"FamilyMemberHistory.condition:cancerCondition.extension:topography","FamilyMemberHistory.condition.extension","topography","","",0,1,"Y","","","Extension {[CanonicalType[http://onconova.github.io/fhir/StructureDefinition/onconova-ext-family-history-member-cancer-topography]]} {[]}
","Family Member History Cancer Topography","The topography of a historical cancer associated to a family member of a patient, represented by an ICD-O-3 code.","","","","","","","","","",,,,,"",,,,"Element.extension",0,*,"ele-1
","ele-1:All FHIR elements must have a @value or children {hasValue() or (children().count() > id.count())}
ext-1:Must have either extensions or value[x], not both {extension.exists() != value.exists()}"
"FamilyMemberHistory.condition:cancerCondition.extension:contributedToDeath","FamilyMemberHistory.condition.extension","contributedToDeath","","",0,1,"Y","","","Extension {[CanonicalType[http://onconova.github.io/fhir/StructureDefinition/onconova-ext-family-member-condition-contributed-to-death]]} {[]}
","Family Member History Condition Contributed to Death","Whether the condition contributed to the patient's family member's death","","","","","","","","","",,,,,"",,,,"Element.extension",0,*,"ele-1
","ele-1:All FHIR elements must have a @value or children {hasValue() or (children().count() > id.count())}
ext-1:Must have either extensions or value[x], not both {extension.exists() != value.exists()}"
"FamilyMemberHistory.condition:cancerCondition.modifierExtension","FamilyMemberHistory.condition.modifierExtension","","extensions
user contentmodifiers","",0,*,"","Y","Y","Extension {[]} {[]}
","Extensions that cannot be ignored even if unrecognized","May be used to represent additional information that is not part of the basic definition of the element and that modifies the understanding of the element in which it is contained and/or the understanding of the containing element's descendants. Usually modifier elements provide negation or qualification. To make the use of extensions safe and manageable, there is a strict set of governance applied to the definition and use of extensions. Though any implementer can define an extension, there is a set of requirements that SHALL be met as part of the definition of the extension. Applications processing a resource are required to check for modifier extensions.

Modifier extensions SHALL NOT change the meaning of any elements on Resource or DomainResource (including cannot change the meaning of modifierExtension itself).","There can be no stigma associated with the use of extensions by any application, project, or standard - regardless of the institution or jurisdiction that uses or defines the extensions.  The use of extensions is what allows the FHIR specification to retain a core level of simplicity for everyone.","Modifier extensions allow for extensions that *cannot* be safely ignored to be clearly distinguished from the vast majority of extensions which can be safely ignored.  This promotes interoperability by eliminating the need for implementers to prohibit the presence of extensions. For further information, see the [definition of modifier extensions](http://hl7.org/fhir/R4/extensibility.html#modifierExtension).","","","","","","","",,,,,"",,,,"BackboneElement.modifierExtension",0,*,"","ele-1:All FHIR elements must have a @value or children {hasValue() or (children().count() > id.count())}
ext-1:Must have either extensions or value[x], not both {extension.exists() != value.exists()}","N/A"
"FamilyMemberHistory.condition:cancerCondition.code","FamilyMemberHistory.condition.code","","","",1,1,"","","","CodeableConcept {[]} {[]}
","Condition suffered by relation","The actual condition specified. Could be a coded condition (like MI or Diabetes) or a less specific string like 'cancer' depending on how much is known about the condition and the capabilities of the creating system.","","","","","","<valueCodeableConcept xmlns=""http://hl7.org/fhir"">
  <coding>
    <system value=""http://snomed.info/sct""/>
    <code value=""363346000""/>
    <display value=""Malignant neoplastic disease (disorder)""/>
  </coding>
</valueCodeableConcept>","","","",,"example","Identification of the Condition or diagnosis.","http://hl7.org/fhir/ValueSet/condition-code|4.0.1","",,,,"FamilyMemberHistory.condition.code",1,1,"","ele-1:All FHIR elements must have a @value or children {hasValue() or (children().count() > id.count())}
",".value"
"FamilyMemberHistory.condition:cancerCondition.outcome","FamilyMemberHistory.condition.outcome","","","",0,1,"","","","CodeableConcept {[]} {[]}
","deceased | permanent disability | etc.","Indicates what happened following the condition.  If the condition resulted in death, deceased date is captured on the relation.","","","","","","","","","",,"example","The result of the condition for the patient; e.g. death, permanent disability, temporary disability, etc.","http://hl7.org/fhir/ValueSet/condition-outcome|4.0.1","",,,,"FamilyMemberHistory.condition.outcome",0,1,"","ele-1:All FHIR elements must have a @value or children {hasValue() or (children().count() > id.count())}
","outboundRelationship[typeCode=OUTC)].target[classCode=OBS, moodCode=EVN, code=ActCode#ASSERTION].value"
"FamilyMemberHistory.condition:cancerCondition.contributedToDeath","FamilyMemberHistory.condition.contributedToDeath","","","",0,1,"","","","boolean {[]} {[]}
","Whether the condition contributed to the cause of death","This condition contributed to the cause of death of the related person. If contributedToDeath is not populated, then it is unknown.","","","","","","","","","",,,,,"",,,,"FamilyMemberHistory.condition.contributedToDeath",0,1,"","ele-1:All FHIR elements must have a @value or children {hasValue() or (children().count() > id.count())}
"
"FamilyMemberHistory.condition:cancerCondition.onset[x]","FamilyMemberHistory.condition.onset[x]","","","",0,1,"","","","Age {[]} {[]}
","When condition first manifested","Either the age of onset, range of approximate age or descriptive string can be recorded.  For conditions with multiple occurrences, this describes the first known occurrence.","","Age of onset of a condition in relatives is predictive of risk for the patient.","","","","","","","",,,,,"",,,,"FamilyMemberHistory.condition.onset[x]",0,1,"","ele-1:All FHIR elements must have a @value or children {hasValue() or (children().count() > id.count())}
","inboundRelationship[typeCode=SUBJ].source[classCode=OBS, moodCode=EVN, code=""Subject Age at measurement"", value<Diagnosis].value[@xsi:typeCode='TS' or 'IVL_TS']  Use originalText for string"
"FamilyMemberHistory.condition:cancerCondition.onset[x].id","FamilyMemberHistory.condition.onset[x].id","","","",0,1,"","","","string {[]} {[]}
","Unique id for inter-element referencing","Unique id for the element within a resource (for internal references). This may be any string value that does not contain spaces.","","","","","","","","","",,,,,"",,,,"Element.id",0,1,"","","n/a"
"FamilyMemberHistory.condition:cancerCondition.onset[x].extension","FamilyMemberHistory.condition.onset[x].extension","","extensions
user content","",0,*,"","","","Extension {[]} {[]}
","Additional content defined by implementations","May be used to represent additional information that is not part of the basic definition of the element. To make the use of extensions safe and manageable, there is a strict set of governance  applied to the definition and use of extensions. Though any implementer can define an extension, there is a set of requirements that SHALL be met as part of the definition of the extension.","There can be no stigma associated with the use of extensions by any application, project, or standard - regardless of the institution or jurisdiction that uses or defines the extensions.  The use of extensions is what allows the FHIR specification to retain a core level of simplicity for everyone.","","","","","","","","",,,,,"","value:url}
","Extensions are always sliced by (at least) url",,"open","Element.extension",0,*,"","ele-1:All FHIR elements must have a @value or children {hasValue() or (children().count() > id.count())}
ext-1:Must have either extensions or value[x], not both {extension.exists() != value.exists()}","n/a"
"FamilyMemberHistory.condition:cancerCondition.onset[x].value","FamilyMemberHistory.condition.onset[x].value","","","",0,1,"","","Y","decimal {[]} {[]}
","Numerical value (with implicit precision)","The value of the measured amount. The value includes an implicit precision in the presentation of the value.","The implicit precision in the value should always be honored. Monetary values have their own rules for handling precision (refer to standard accounting text books).","Precision is handled implicitly in almost all cases of measurement.","","","","","","","",,,,,"",,,,"Quantity.value",0,1,"","ele-1:All FHIR elements must have a @value or children {hasValue() or (children().count() > id.count())}
","SN.2  / CQ - N/A","PQ.value, CO.value, MO.value, IVL.high or IVL.low depending on the value"
"FamilyMemberHistory.condition:cancerCondition.onset[x].comparator","FamilyMemberHistory.condition.onset[x].comparator","","","",0,1,"","Y","Y","code {[]} {[]}
","< | <= | >= | > - how to understand the value","How the value should be understood and represented - whether the actual value is greater or less than the stated value due to measurement issues; e.g. if the comparator is ""<"" , then the real value is < stated value.","","Need a framework for handling measures where the value is <5ug/L or >400mg/L due to the limitations of measuring methodology.","","If there is no comparator, then there is no modification of the value","","","","","",,"required","How the Quantity should be understood and represented.","http://hl7.org/fhir/ValueSet/quantity-comparator|4.0.1","",,,,"Quantity.comparator",0,1,"","ele-1:All FHIR elements must have a @value or children {hasValue() or (children().count() > id.count())}
","SN.1  / CQ.1","IVL properties"
"FamilyMemberHistory.condition:cancerCondition.onset[x].unit","FamilyMemberHistory.condition.onset[x].unit","","","",0,1,"","","Y","string {[]} {[]}
","Unit representation","A human-readable form of the unit.","","There are many representations for units of measure and in many contexts, particular representations are fixed and required. I.e. mcg for micrograms.","","","","","","","",,,,,"",,,,"Quantity.unit",0,1,"","ele-1:All FHIR elements must have a @value or children {hasValue() or (children().count() > id.count())}
","(see OBX.6 etc.) / CQ.2","PQ.unit"
"FamilyMemberHistory.condition:cancerCondition.onset[x].system","FamilyMemberHistory.condition.onset[x].system","","","",0,1,"","","Y","uri {[]} {[]}
","System that defines coded unit form","The identification of the system that provides the coded form of the unit.","","Need to know the system that defines the coded form of the unit.","","","","","","","",,,,,"",,,,"Quantity.system",0,1,"qty-3
","ele-1:All FHIR elements must have a @value or children {hasValue() or (children().count() > id.count())}
","(see OBX.6 etc.) / CQ.2","CO.codeSystem, PQ.translation.codeSystem"
"FamilyMemberHistory.condition:cancerCondition.onset[x].code","FamilyMemberHistory.condition.onset[x].code","","","",0,1,"","","Y","code {[]} {[]}
","Coded form of the unit","A computer processable form of the unit in some unit representation system.","The preferred system is UCUM, but SNOMED CT can also be used (for customary units) or ISO 4217 for currency.  The context of use may additionally require a code from a particular system.","Need a computable form of the unit that is fixed across all forms. UCUM provides this for quantities, but SNOMED CT provides many units of interest.","","","","<valueCode xmlns=""http://hl7.org/fhir"" value=""a""/>","","","",,,,,"",,,,"Quantity.code",0,1,"","ele-1:All FHIR elements must have a @value or children {hasValue() or (children().count() > id.count())}
","(see OBX.6 etc.) / CQ.2","PQ.code, MO.currency, PQ.translation.code"
"FamilyMemberHistory.condition:cancerCondition.note","FamilyMemberHistory.condition.note","","","",0,*,"","","","Annotation {[]} {[]}
","Extra information about condition","An area where general notes can be placed about this specific condition.","","","","","","","","","",,,,,"",,,,"FamilyMemberHistory.condition.note",0,*,"","ele-1:All FHIR elements must have a @value or children {hasValue() or (children().count() > id.count())}
","inboundRelationship[typeCode=SUBJ].source[classCode=OBS, moodCode=EVN, code=ActCode#ANNGEN].value"
