{
  "codeSystems" : [{
    "url" : "http://hl7.org/fhir/address-type",
    "version" : "4.0.1",
    "status" : "active",
    "name" : "AddressType",
    "title" : "AddressType",
    "description" : "The type of an address (physical / postal).",
    "oids" : ["2.16.840.1.113883.4.642.4.70"],
    "uses" : {
    },
    "http://hl7.org/fhir/R4/valueset-address-type.html" : "AddressType"
  },
  {
    "url" : "http://hl7.org/fhir/address-use",
    "version" : "4.0.1",
    "status" : "active",
    "name" : "AddressUse",
    "title" : "AddressUse",
    "description" : "The use of an address.",
    "oids" : ["2.16.840.1.113883.4.642.4.68"],
    "uses" : {
    },
    "http://hl7.org/fhir/R4/valueset-address-use.html" : "AddressUse"
  },
  {
    "url" : "http://hl7.org/fhir/administrative-gender",
    "version" : "4.0.1",
    "status" : "active",
    "name" : "AdministrativeGender",
    "title" : "AdministrativeGender",
    "description" : "The gender of a person used for administrative purposes.",
    "oids" : ["2.16.840.1.113883.4.642.4.2"],
    "uses" : {
    },
    "http://hl7.org/fhir/R4/valueset-administrative-gender.html" : "AdministrativeGender"
  },
  {
    "url" : "http://hl7.org/fhir/adverse-event-actuality",
    "version" : "4.0.1",
    "status" : "draft",
    "name" : "AdverseEventActuality",
    "title" : "AdverseEventActuality",
    "description" : "Overall nature of the adverse event, e.g. real or potential.",
    "oids" : ["2.16.840.1.113883.4.642.4.832"],
    "uses" : {
    },
    "http://hl7.org/fhir/R4/valueset-adverse-event-actuality.html" : "AdverseEventActuality"
  },
  {
    "url" : "http://hl7.org/fhir/contact-point-system",
    "version" : "4.0.1",
    "status" : "active",
    "name" : "ContactPointSystem",
    "title" : "ContactPointSystem",
    "description" : "Telecommunications form for contact point.",
    "oids" : ["2.16.840.1.113883.4.642.4.72"],
    "uses" : {
    },
    "http://hl7.org/fhir/R4/valueset-contact-point-system.html" : "ContactPointSystem"
  },
  {
    "url" : "http://hl7.org/fhir/contact-point-use",
    "version" : "4.0.1",
    "status" : "active",
    "name" : "ContactPointUse",
    "title" : "ContactPointUse",
    "description" : "Use of contact point.",
    "oids" : ["2.16.840.1.113883.4.642.4.74"],
    "uses" : {
    },
    "http://hl7.org/fhir/R4/valueset-contact-point-use.html" : "ContactPointUse"
  },
  {
    "url" : "http://hl7.org/fhir/episode-of-care-status",
    "version" : "4.0.1",
    "status" : "draft",
    "name" : "EpisodeOfCareStatus",
    "title" : "EpisodeOfCareStatus",
    "description" : "The status of the episode of care.",
    "oids" : ["2.16.840.1.113883.4.642.4.665"],
    "uses" : {
    },
    "http://hl7.org/fhir/R4/valueset-episode-of-care-status.html" : "EpisodeOfCareStatus"
  },
  {
    "url" : "http://hl7.org/fhir/event-status",
    "version" : "4.0.1",
    "status" : "draft",
    "name" : "EventStatus",
    "title" : "EventStatus",
    "description" : "Codes identifying the lifecycle stage of an event.",
    "oids" : ["2.16.840.1.113883.4.642.4.110"],
    "uses" : {
    },
    "http://hl7.org/fhir/R4/valueset-event-status.html" : "EventStatus"
  },
  {
    "url" : "http://hl7.org/fhir/history-status",
    "version" : "4.0.1",
    "status" : "draft",
    "name" : "FamilyHistoryStatus",
    "title" : "FamilyHistoryStatus",
    "description" : "A code that identifies the status of the family history record.",
    "oids" : ["2.16.840.1.113883.4.642.4.268"],
    "uses" : {
    },
    "http://hl7.org/fhir/R4/valueset-history-status.html" : "FamilyHistoryStatus"
  },
  {
    "url" : "http://hl7.org/fhir/identifier-use",
    "version" : "4.0.1",
    "status" : "active",
    "name" : "IdentifierUse",
    "title" : "IdentifierUse",
    "description" : "Identifies the purpose for this identifier, if known .",
    "oids" : ["2.16.840.1.113883.4.642.4.58"],
    "uses" : {
    },
    "http://hl7.org/fhir/R4/valueset-identifier-use.html" : "IdentifierUse"
  },
  {
    "url" : "http://hl7.org/fhir/link-type",
    "version" : "4.0.1",
    "status" : "active",
    "name" : "LinkType",
    "title" : "LinkType",
    "description" : "The type of link between this patient resource and another patient resource.",
    "oids" : ["2.16.840.1.113883.4.642.4.424"],
    "uses" : {
    },
    "http://hl7.org/fhir/R4/valueset-link-type.html" : "LinkType"
  },
  {
    "url" : "http://hl7.org/fhir/name-use",
    "version" : "4.0.1",
    "status" : "active",
    "name" : "NameUse",
    "title" : "NameUse",
    "description" : "The use of a human name.",
    "oids" : ["2.16.840.1.113883.4.642.4.66"],
    "uses" : {
    },
    "http://hl7.org/fhir/R4/valueset-name-use.html" : "NameUse"
  },
  {
    "url" : "http://hl7.org/fhir/observation-status",
    "version" : "4.0.1",
    "status" : "active",
    "name" : "ObservationStatus",
    "title" : "ObservationStatus",
    "description" : "Codes providing the status of an observation.",
    "oids" : ["2.16.840.1.113883.4.642.4.401"],
    "uses" : {
    },
    "http://hl7.org/fhir/R4/valueset-observation-status.html" : "ObservationStatus"
  },
  {
    "url" : "http://hl7.org/fhir/quantity-comparator",
    "version" : "4.0.1",
    "status" : "active",
    "name" : "QuantityComparator",
    "title" : "QuantityComparator",
    "description" : "How the Quantity should be understood and represented.",
    "oids" : ["2.16.840.1.113883.4.642.4.60"],
    "uses" : {
    },
    "http://hl7.org/fhir/R4/valueset-quantity-comparator.html" : "QuantityComparator"
  },
  {
    "url" : "http://hl7.org/fhir/sid/icd-10",
    "version" : "2.1.1",
    "status" : "retired",
    "name" : "Icd10",
    "title" : "ICD-10",
    "description" : "International Classification of Diseases revision 10 (ICD 10)",
    "oids" : ["2.16.840.1.113883.6.3"],
    "uses" : {
    },
    "ValueSet-onconova-vs-icd-10-conditions.html" : "ICD-10 Codes Value Set"
  },
  {
    "url" : "http://hl7.org/fhir/sid/icd-10-cm",
    "version" : "2.0.1",
    "status" : "active",
    "name" : "Icd10CM",
    "title" : "International Classification of Diseases, 10th Revision, Clinical Modification (ICD-10-CM)",
    "description" : "The International Classification of Diseases, 10th Revision, Clinical Modification (ICD-10-CM), describes the classification of morbidity and mortality information for statistical purposes and for the indexing of healthcare records by diseases. The ICD-10-CM codes can be used as the value of the Act.cd attribute.",
    "oids" : ["2.16.840.1.113883.6.90"],
    "uses" : {
    },
    "http://hl7.org/fhir/us/mcode/STU4/ValueSet-mcode-secondary-cancer-disorder-vs.html" : "Secondary Cancer Disorder Value Set"
  },
  {
    "url" : "http://hl7.org/fhir/us/core/CodeSystem/condition-category",
    "version" : "6.1.0",
    "status" : "active",
    "name" : "USCoreConditionCategoryExtensionCodes",
    "title" : "US Core Condition Category Extension Codes",
    "description" : "Set of codes that are needed for implementation of the US-Core Condition Profile. These codes are used as extensions to the FHIR and US Core value sets.",
    "uses" : {
    },
    "http://hl7.org/fhir/us/core/STU6.1/ValueSet-us-core-problem-or-health-concern.html" : "US Core Problem or Health Concern"
  },
  {
    "url" : "http://hl7.org/fhir/us/core/CodeSystem/us-core-category",
    "version" : "6.1.0",
    "status" : "active",
    "name" : "USCoreCategory",
    "title" : "US Core Category",
    "description" : "Category codes used across US Core Profiles and resource types. They are typically used when there is a need for categorization for searching and finding resources or workflow hints.",
    "uses" : {
    },
    "http://hl7.org/fhir/us/core/STU6.1/ValueSet-us-core-simple-observation-category.html" : "US Core Simple Observation Category",
    "http://hl7.org/fhir/us/core/STU6.1/ValueSet-us-core-screening-assessment-condition-category.html" : "US Core Screening Assessment Condition Category"
  },
  {
    "url" : "http://hl7.org/fhir/uv/genomics-reporting/CodeSystem/variant-confidence-status-cs",
    "version" : "2.0.0",
    "status" : "active",
    "name" : "VariantConfidenceStatusCS",
    "title" : "Variant Confidence Status Codes",
    "description" : "A code that represents the confidence of a true positive variant call.",
    "uses" : {
    },
    "http://hl7.org/fhir/uv/genomics-reporting/STU2/ValueSet-variant-confidence-status-vs.html" : "Variant Confidence Status"
  },
  {
    "url" : "http://loinc.org",
    "version" : "3.1.0",
    "status" : "active",
    "name" : "LOINC",
    "title" : "Logical Observation Identifiers, Names and Codes (LOINC)",
    "description" : "LOINC provides a set of universal names and ID codes for identifying laboratory and clinical test results.1,2 LOINC facilitates the exchange and pooling of results, such as blood hemoglobin, serum potassium, or vital signs, for clinical care, outcomes management, and research. LOINC's universal identifiers (names and codes) can be used in the context of order and observation exchanges between information systems that use syntax standards such as HL73, CEN TC251, ISO TC215, ASTM4, and DICOM. Specifically, the identifier can be used as the coded value for an observation in any other standard that uses the observation/observation value paradigm, whether messages, documents, application programming interface (API), etc. For example, LOINC codes are used widely in the OBX segment Observation Identifier field (OBX-3) of an ORU HL7 (HL7 version 2.x or ASTM 1238-9410) message that may be sent between a Clinical Laboratory Information Management Systems (LIMS) and Electronic Health Record Systems (EHR).5, 6 In this way, LOINC codes provide universal identifiers that allow the exchange of clinical data between heterogeneous computing environments.",
    "oids" : ["2.16.840.1.113883.6.1"],
    "uses" : {
    },
    "ValueSet-onconova-vs-tumor-marker-tests.html" : "Tumor Marker Tests",
    "https://loinc.org/LLLL5323-2" : "LOINC Answer Codes for LL5323-2",
    "ValueSet-onconova-vs-tumor-marker-analytes.html" : "Tumor Marker Analytes Value Set",
    "https://loinc.org/LLLL4048-6" : "LOINC Answer Codes for LL4048-6",
    "https://loinc.org/LLLL2179-1" : "LOINC Answer Codes for LL2179-1",
    "https://loinc.org/LLLL381-5" : "LOINC Answer Codes for LL381-5",
    "https://loinc.org/LLLL3994-2" : "LOINC Answer Codes for LL3994-2",
    "https://loinc.org/LLLL2938-0" : "LOINC Answer Codes for LL2938-0",
    "https://loinc.org/LLLL4986-7" : "LOINC Answer Codes for LL4986-7",
    "http://hl7.org/fhir/us/core/STU6.1/ValueSet-us-core-procedure-code.html" : "US Core Procedure Codes",
    "http://hl7.org/fhir/R4/valueset-observation-codes.html" : "LOINC Codes",
    "https://loinc.org/LLLL1971-2" : "LOINC Answer Codes for LL1971-2",
    "http://hl7.org/fhir/uv/genomics-reporting/STU2/ValueSet-variant-inheritance-vs.html" : "Variant Inheritances",
    "https://loinc.org/LLLL1040-6" : "LOINC Answer Codes for LL1040-6",
    "https://loinc.org/LLLL529-9" : "LOINC Answer Codes for LL529-9",
    "ValueSet-onconova-vs-tumor-board-recommendations.html" : "Tumor Board Recommendations Value Set",
    "http://hl7.org/fhir/R4/valueset-observation-vitalsignresult.html" : "Vital Signs",
    "https://loinc.org/LLLL378-1" : "LOINC Answer Codes for LL378-1",
    "ValueSet-onconova-vs-amino-acid-change-types.html" : "Amino Acid Change Type Value Set"
  },
  {
    "url" : "http://ncicb.nci.nih.gov/xml/owl/EVS/Thesaurus.owl",
    "version" : "3.0.0",
    "status" : "active",
    "name" : "NciThesaurus",
    "title" : "NCI Thesaurus",
    "description" : "NCI Thesaurus NCI Thesaurus is a biomedical thesaurus created specifically to meet the needs of the cancer research community, especially those engaged in translational research NCI Thesaurus is produced by the NCI Enterprise Vocabulary Services project. The NCI Thesaurus is provided under an open content license.",
    "oids" : ["2.16.840.1.113883.3.26.1.1"],
    "uses" : {
    },
    "ValueSet-onconova-vs-adverse-event-mitigation-categories.html" : "Adverse Event Mitigation Categories Value Set",
    "ValueSet-onconova-vs-tumor-marker-tests.html" : "Tumor Marker Tests",
    "ValueSet-onconova-vs-tumor-marker-analytes.html" : "Tumor Marker Analytes Value Set",
    "ValueSet-onconova-vs-surgical-procedures.html" : "Surgical Procedures Value Set",
    "http://hl7.org/fhir/us/mcode/STU4/ValueSet-mcode-cancer-stage-value-vs.html" : "Cancer Stage Value Set",
    "ValueSet-onconova-vs-cancer-risk-assessment-values.html" : "Risk Assessment Values Value Set",
    "ValueSet-onconova-vs-causes-of-death.html" : "Cause of Death Value Set",
    "ValueSet-onconova-vs-adverse-event-mitigation-procedures.html" : "Adverse Event Mitigation Procedures Value Set",
    "http://hl7.org/fhir/us/mcode/STU4/ValueSet-mcode-cancer-staging-method-vs.html" : "Cancer Staging Method Value Set",
    "http://hl7.org/fhir/us/mcode/STU4/ValueSet-mcode-tnm-staging-method-vs.html" : "TNM Staging Method Value Set",
    "http://hl7.org/fhir/us/mcode/STU4/ValueSet-mcode-lymphoma-staging-method-vs.html" : "Lymphoma Staging System Value Set",
    "ValueSet-onconova-vs-adjunctive-therapy-roles.html" : "Adjunctive Therapy Roles Value Set",
    "ValueSet-onconova-vs-clinical-relevances.html" : "Clinical Relevance Value Set",
    "http://hl7.org/fhir/us/mcode/STU4/ValueSet-mcode-lymphoma-stage-value-vs.html" : "Lymphoma Stage Value Set",
    "http://hl7.org/fhir/us/mcode/STU4/ValueSet-mcode-cancer-stage-type-vs.html" : "Cancer Stage Type Value Set",
    "ValueSet-onconova-vs-exposure-agents.html" : "Exposure Agents Value Set",
    "ValueSet-onconova-vs-adverse-event-mitigation-drugs.html" : "Adverse Event Mitigation Drugs Value Set",
    "ValueSet-onconova-vs-cancer-risk-assessment-methods.html" : "Cancer Risk Assessment Methods Value Set",
    "ValueSet-onconova-vs-antineoplastic-agents.html" : "Antineoplastic Agents Value Set",
    "ValueSet-onconova-vs-dna-change-types.html" : "Coding DNA Change Types Value Set"
  },
  {
    "url" : "http://onconova.github.io/fhir/CodeSystem/onconova-cs-comorbidity-panels",
    "version" : "0.2.0",
    "status" : "active",
    "name" : "ComorbidityPanelsSystem",
    "title" : "Comorbidity Panels Code System",
    "description" : "A code system for comorbidity panels relevant to cancer patients.",
    "uses" : {
    },
    "ValueSet-onconova-vs-comorbidity-panels.html" : "Comorbidity Panels Value Set"
  },
  {
    "url" : "http://onconova.github.io/fhir/CodeSystem/onconova-cs-consent-status",
    "version" : "0.2.0",
    "status" : "active",
    "name" : "ConsentStatusCodeSystem",
    "title" : "Consent Status Code System",
    "description" : "A code system for consent status relevant to Onconova patients.",
    "uses" : {
    },
    "ValueSet-onconova-vs-consent-status.html" : "Consent Status Value Set"
  },
  {
    "url" : "http://snomed.info/sct",
    "version" : null,
    "status" : "active",
    "name" : "SNOMED_CT",
    "title" : "SNOMED CT (all versions)",
    "description" : "SNOMED CT is the most comprehensive and precise clinical health terminology product in the world, owned and distributed around the world by The International Health Terminology Standards Development Organisation (IHTSDO).",
    "oids" : ["2.16.840.1.113883.6.96"],
    "uses" : {
    },
    "ValueSet-onconova-vs-tnm-regional-nodes-categories.html" : "TNM Regional Nodes Categories Value Set",
    "ValueSet-onconova-tnm-lymphatic-invasion-categories.html" : "TNM Lymphatic Invasion Categories Value Set",
    "ValueSet-onconova-vs-adverse-event-mitigation-procedures.html" : "Adverse Event Mitigation Procedures Value Set",
    "http://hl7.org/fhir/R4/valueset-procedure-reason.html" : "Procedure Reason Codes",
    "ValueSet-onconova-vs-expected-drug-effects.html" : "Expected Drug Effects Value Set",
    "http://hl7.org/fhir/us/mcode/STU4/ValueSet-mcode-secondary-cancer-disorder-vs.html" : "Secondary Cancer Disorder Value Set",
    "ValueSet-onconova-vs-treatment-intents.html" : "Treatment Intents Value Set",
    "ValueSet-onconova-vs-cancer-imaging-methods.html" : "Cancer Imaging Methods Value Set",
    "http://hl7.org/fhir/R4/valueset-device-kind.html" : "FHIR Device Types",
    "ValueSet-onconova-vs-smoking-status.html" : "Smoking status Value Set",
    "http://hl7.org/fhir/us/mcode/STU4/ValueSet-mcode-tnm-primary-tumor-staging-type-vs.html" : "TNM Primary Tumor Staging Type Value Set",
    "ValueSet-onconova-vs-treatment-termination-reasons.html" : "Treatment Termination Reasons Value Set",
    "http://hl7.org/fhir/R4/valueset-route-codes.html" : "SNOMED CT Route Codes",
    "http://hl7.org/fhir/R4/valueset-condition-severity.html" : "Condition/Diagnosis Severity",
    "http://hl7.org/fhir/us/mcode/STU4/ValueSet-mcode-cancer-staging-prognostic-factor-value-vs.html" : "Cancer Staging Prognostic Factors Value",
    "http://hl7.org/fhir/us/mcode/STU4/ValueSet-mcode-cancer-disease-status-evidence-type-vs.html" : "Cancer Disease Status Evidence Type Value Set",
    "http://hl7.org/fhir/R4/valueset-procedure-code.html" : "Procedure Codes (SNOMED CT)",
    "http://hl7.org/fhir/us/mcode/STU4/ValueSet-mcode-tnm-distant-metastases-staging-type-vs.html" : "TNM Distant Metastases Staging Type Value Set",
    "http://hl7.org/fhir/R4/valueset-observation-methods.html" : "Observation Methods",
    "ValueSet-onconova-vs-tnm-distant-metastasis-categories.html" : "TNM Distant Metastasis Categories Value Set",
    "ValueSet-onconova-vs-adverse-event-mitigation-managements.html" : "Adverse Event Mitigation Managements Value Set",
    "ValueSet-onconova-vs-causes-of-death.html" : "Cause of Death Value Set",
    "ValueSet-onconova-vs-tnm-primary-tumor-categories.html" : "TNM Primary Tumor Categories Value Set",
    "ValueSet-onconova-vs-tnm-venous-invasion-categories.html" : "TNM Venous Invasion Categories Value Set",
    "http://hl7.org/fhir/us/mcode/STU4/ValueSet-mcode-cancer-staging-prognostic-factor-type-vs.html" : "Cancer Staging Prognostic Factors Types",
    "http://hl7.org/fhir/R4/valueset-performer-role.html" : "Procedure Performer Role Codes",
    "ValueSet-onconova-tnm-residual-tumor-categories.html" : "TNM Residual Tumor Categories Value Set",
    "http://hl7.org/fhir/R4/valueset-procedure-category.html" : "Procedure Category Codes (SNOMED CT)",
    "http://hl7.org/fhir/R4/valueset-condition-stage-type.html" : "Condition Stage Type",
    "ValueSet-onconova-vs-adverse-event-mitigation-treatment-adjustments.html" : "Adverse Event Mitigation Treatment Adjustments Value Set",
    "http://hl7.org/fhir/R4/valueset-approach-site-codes.html" : "SNOMED CT Anatomical Structure for Administration Site Codes",
    "ValueSet-onconova-vs-adverse-event-mitigation-drugs.html" : "Adverse Event Mitigation Drugs Value Set",
    "http://hl7.org/fhir/us/mcode/STU4/ValueSet-mcode-tnm-stage-group-vs.html" : "TNM Stage Group Value Set",
    "http://hl7.org/fhir/us/mcode/STU4/ValueSet-mcode-tnm-stage-group-staging-type-vs.html" : "TNM Stage Group Staging Type Value Set",
    "http://hl7.org/fhir/R4/valueset-body-site.html" : "SNOMED CT Body Structures",
    "http://hl7.org/fhir/us/mcode/STU4/ValueSet-mcode-cancer-stage-value-vs.html" : "Cancer Stage Value Set",
    "ValueSet-onconova-vs-tnm-serum-tumor-marker-level-categories.html" : "TNM Serum Tumor Marker Level Categories Value Set",
    "http://hl7.org/fhir/us/core/STU6.1/ValueSet-us-core-procedure-code.html" : "US Core Procedure Codes",
    "http://hl7.org/fhir/R4/valueset-condition-code.html" : "Condition/Problem/Diagnosis Codes",
    "http://hl7.org/fhir/us/mcode/STU4/ValueSet-mcode-lymphoma-stage-bulky-modifier-vs.html" : "Lymphoma Stage Bulky Modifier Value Set",
    "http://hl7.org/fhir/us/mcode/STU4/ValueSet-mcode-tnm-staging-method-vs.html" : "TNM Staging Method Value Set",
    "ValueSet-onconova-vs-observation-bodysites.html" : "Observation Body Sites Value Set",
    "http://hl7.org/fhir/us/mcode/STU4/ValueSet-mcode-lymphoma-staging-method-vs.html" : "Lymphoma Staging System Value Set",
    "ValueSet-onconova-vs-vital-status.html" : "Vital Status Value Set",
    "http://hl7.org/fhir/us/mcode/STU4/ValueSet-mcode-lymphoma-stage-value-vs.html" : "Lymphoma Stage Value Set",
    "http://hl7.org/fhir/R4/valueset-referencerange-appliesto.html" : "Observation Reference Range Applies To Codes",
    "http://hl7.org/fhir/us/mcode/STU4/ValueSet-mcode-cancer-stage-type-vs.html" : "Cancer Stage Type Value Set",
    "http://hl7.org/fhir/us/mcode/STU4/ValueSet-mcode-radiotherapy-treatment-location-vs.html" : "Radiotherapy Treatment Location Value Set",
    "ValueSet-onconova-vs-tnm-grade-category-methods.html" : "TNM Grade Category Methods Value Set",
    "http://hl7.org/fhir/R4/valueset-condition-outcome.html" : "Condition Outcome Codes",
    "http://hl7.org/fhir/us/mcode/STU4/ValueSet-mcode-clin-or-path-modifier-vs.html" : "Clinical or Pathologic Modifier",
    "http://hl7.org/fhir/R4/valueset-condition-stage.html" : "Condition Stage",
    "http://hl7.org/fhir/us/mcode/STU4/ValueSet-mcode-lymphoma-stage-value-modifier-vs.html" : "Lymphoma Stage Value Modifier Value Set",
    "ValueSet-onconova-vs-recreational-drugs.html" : "Recreational Drugs Value Set",
    "http://hl7.org/fhir/R4/valueset-device-action.html" : "Procedure Device Action Codes",
    "http://hl7.org/fhir/R4/valueset-procedure-followup.html" : "Procedure Follow up Codes (SNOMED CT)",
    "http://hl7.org/fhir/us/mcode/STU4/ValueSet-mcode-tnm-regional-nodes-staging-type-vs.html" : "TNM Regional Nodes Staging Type Value Set",
    "ValueSet-onconova-vs-homologous-recombination-deficiency-interpretations.html" : "Homologous Recombination Deficiency Interpretation Value Set",
    "http://hl7.org/fhir/R4/valueset-clinical-findings.html" : "SNOMED CT Clinical Findings",
    "http://hl7.org/fhir/R4/valueset-procedure-not-performed-reason.html" : "Procedure Not Performed Reason (SNOMED-CT)",
    "http://hl7.org/fhir/us/mcode/STU4/ValueSet-mcode-cancer-staging-method-vs.html" : "Cancer Staging Method Value Set",
    "http://hl7.org/fhir/R4/valueset-administration-method-codes.html" : "SNOMED CT Administration Method Codes",
    "ValueSet-onconova-tnm-perineural-invasion-categories.html" : "TNM Perineural Invasion Categories Value Set",
    "ValueSet-onconova-vs-recurrence-types.html" : "Recurrence Types Value Set",
    "ValueSet-onconova-vs-tnm-grade-categories.html" : "TNM Grade Categories Value Set",
    "ValueSet-onconova-vs-tumor-board-recommendations.html" : "Tumor Board Recommendations Value Set",
    "http://hl7.org/fhir/R4/valueset-procedure-outcome.html" : "Procedure Outcome Codes (SNOMED CT)"
  },
  {
    "url" : "http://terminology.hl7.org/CodeSystem/MDRAE",
    "version" : "2.0.1",
    "status" : "retired",
    "name" : "MDRAE",
    "title" : "MedDRA Am Engl",
    "description" : "Medical Dictionary for Regulatory Activities Terminology (MedDRA), American English Equivalents, Version 7.0. Bethesda, MD: National Library of Medicine, March 1, 2004 This is the English language version as encapsulated in the UMLS..",
    "oids" : ["2.16.840.1.113883.6.163.1"],
    "uses" : {
    },
    "ValueSet-onconova-vs-ctc-adverse-events.html" : "CTC Adverse Events Value Set"
  },
  {
    "url" : "http://terminology.hl7.org/CodeSystem/adverse-event-category",
    "version" : "2.0.0",
    "status" : "active",
    "name" : "AdverseEventCategory",
    "title" : "AdverseEventCategory",
    "description" : "Overall categorization of the event, e.g. product-related or situational.",
    "oids" : ["2.16.840.1.113883.4.642.1.1251"],
    "uses" : {
    },
    "http://hl7.org/fhir/R4/valueset-adverse-event-category.html" : "AdverseEventCategory"
  },
  {
    "url" : "http://terminology.hl7.org/CodeSystem/adverse-event-causality-assess",
    "version" : "1.0.1",
    "status" : "active",
    "name" : "AdverseEventCausalityAssessment",
    "title" : "AdverseEventCausalityAssessment",
    "description" : "Codes for the assessment of whether the entity caused the event.",
    "oids" : ["2.16.840.1.113883.4.642.1.1254"],
    "uses" : {
    },
    "http://hl7.org/fhir/R4/valueset-adverse-event-causality-assess.html" : "AdverseEventCausalityAssessment"
  },
  {
    "url" : "http://terminology.hl7.org/CodeSystem/adverse-event-causality-method",
    "version" : "2.0.0",
    "status" : "active",
    "name" : "AdverseEventCausalityMethod",
    "title" : "AdverseEventCausalityMethod",
    "description" : "This code system contains methods for assessing causality.",
    "oids" : ["2.16.840.1.113883.4.642.1.1255"],
    "uses" : {
    },
    "http://hl7.org/fhir/R4/valueset-adverse-event-causality-method.html" : "AdverseEventCausalityMethod"
  },
  {
    "url" : "http://terminology.hl7.org/CodeSystem/adverse-event-outcome",
    "version" : "4.0.1",
    "status" : "draft",
    "name" : "AdverseEventOutcome",
    "title" : "AdverseEventOutcome",
    "description" : "TODO (and should this be required?).",
    "oids" : ["2.16.840.1.113883.4.642.4.1252"],
    "uses" : {
    },
    "http://hl7.org/fhir/R4/valueset-adverse-event-outcome.html" : "AdverseEventOutcome"
  },
  {
    "url" : "http://terminology.hl7.org/CodeSystem/adverse-event-seriousness",
    "version" : "1.0.1",
    "status" : "active",
    "name" : "AdverseEventSeriousness",
    "title" : "AdverseEventSeriousness",
    "description" : "Overall seriousness of this event for the patient.",
    "oids" : ["2.16.840.1.113883.4.642.1.1253"],
    "uses" : {
    },
    "http://hl7.org/fhir/R4/valueset-adverse-event-seriousness.html" : "AdverseEventSeriousness"
  },
  {
    "url" : "http://terminology.hl7.org/CodeSystem/adverse-event-severity",
    "version" : "1.0.0",
    "status" : "draft",
    "name" : "AdverseEventSeverity",
    "title" : "AdverseEventSeverity",
    "description" : "The severity of the adverse event itself, in direct relation to the subject.",
    "oids" : ["2.16.840.1.113883.4.642.1.1256"],
    "uses" : {
    },
    "http://hl7.org/fhir/R4/valueset-adverse-event-severity.html" : "AdverseEventSeverity"
  },
  {
    "url" : "http://terminology.hl7.org/CodeSystem/condition-category",
    "version" : "2.0.0",
    "status" : "active",
    "name" : "ConditionCategoryCodes",
    "title" : "Condition Category Codes",
    "description" : "Preferred value set for Condition Categories.",
    "oids" : ["2.16.840.1.113883.4.642.1.1073"],
    "uses" : {
    },
    "http://hl7.org/fhir/R4/valueset-condition-category.html" : "Condition Category Codes",
    "http://hl7.org/fhir/us/core/STU6.1/ValueSet-us-core-problem-or-health-concern.html" : "US Core Problem or Health Concern"
  },
  {
    "url" : "http://terminology.hl7.org/CodeSystem/condition-clinical",
    "version" : "3.0.0",
    "status" : "active",
    "name" : "ConditionClinicalStatusCodes",
    "title" : "Condition Clinical Status Codes",
    "description" : "Preferred value set for Condition Clinical Status.",
    "oids" : ["2.16.840.1.113883.4.642.1.1074"],
    "uses" : {
    },
    "http://hl7.org/fhir/R4/valueset-condition-clinical.html" : "Condition Clinical Status Codes"
  },
  {
    "url" : "http://terminology.hl7.org/CodeSystem/condition-ver-status",
    "version" : "2.0.1",
    "status" : "active",
    "name" : "ConditionVerificationStatus",
    "title" : "ConditionVerificationStatus",
    "description" : "The verification status to support or decline the clinical status of the condition or diagnosis.",
    "oids" : ["2.16.840.1.113883.4.642.1.1075"],
    "uses" : {
    },
    "http://hl7.org/fhir/R4/valueset-condition-ver-status.html" : "ConditionVerificationStatus"
  },
  {
    "url" : "http://terminology.hl7.org/CodeSystem/data-absent-reason",
    "version" : "1.0.0",
    "status" : "active",
    "name" : "DataAbsentReason",
    "title" : "DataAbsentReason",
    "description" : "Used to specify why the normally expected content of the data element is missing.",
    "oids" : ["2.16.840.1.113883.4.642.4.1048"],
    "uses" : {
    },
    "http://hl7.org/fhir/R4/valueset-data-absent-reason.html" : "DataAbsentReason"
  },
  {
    "url" : "http://terminology.hl7.org/CodeSystem/diagnosis-role",
    "version" : "1.1.1",
    "status" : "active",
    "name" : "DiagnosisRole",
    "title" : "Diagnosis Role",
    "description" : "This value set defines a set of codes that can be used to express the role of a diagnosis on the Encounter or EpisodeOfCare record.",
    "oids" : ["2.16.840.1.113883.4.642.1.1054"],
    "uses" : {
    },
    "http://hl7.org/fhir/R4/valueset-diagnosis-role.html" : "DiagnosisRole"
  },
  {
    "url" : "http://terminology.hl7.org/CodeSystem/episodeofcare-type",
    "version" : "1.0.1",
    "status" : "active",
    "name" : "EpisodeOfCareType",
    "title" : "Episode of care type",
    "description" : "This example value set defines a set of codes that can be used to express the usage type of an EpisodeOfCare record.",
    "oids" : ["2.16.840.1.113883.4.642.1.1189"],
    "uses" : {
    },
    "http://hl7.org/fhir/R4/valueset-episodeofcare-type.html" : "Episode of care type"
  },
  {
    "url" : "http://terminology.hl7.org/CodeSystem/history-absent-reason",
    "version" : "1.0.1",
    "status" : "active",
    "name" : "FamilyHistoryAbsentReason",
    "title" : "FamilyHistoryAbsentReason",
    "description" : "Codes describing the reason why a family member's history is not available.",
    "oids" : ["2.16.840.1.113883.4.642.1.1094"],
    "uses" : {
    },
    "http://hl7.org/fhir/R4/valueset-history-absent-reason.html" : "FamilyHistoryAbsentReason"
  },
  {
    "url" : "http://terminology.hl7.org/CodeSystem/icd-o-3",
    "version" : "2.0.1",
    "status" : "active",
    "name" : "IcdO3",
    "title" : "International Classification of Diseases for Oncology, version 3.",
    "description" : "International Classification of Diseases for Oncology, version 3. For more information see http://www.who.int/classifications/icd/adaptations/oncology/en/.",
    "oids" : ["2.16.840.1.113883.6.43.1"],
    "uses" : {
    },
    "ValueSet-onconova-vs-icdo3-morphology-behaviors.html" : "ICD-O-3 Morphology Behavior Value Set",
    "ValueSet-onconova-vs-icdo3-topographies.html" : "ICD-O-3 Topographies Value Set",
    "ValueSet-onconova-vs-icdo3-differentiations.html" : "ICD-O-3 Differentiations Value Set"
  },
  {
    "url" : "http://terminology.hl7.org/CodeSystem/med-admin-perform-function",
    "version" : "1.0.1",
    "status" : "active",
    "name" : "MedicationAdministrationPerformerFunctionCodes",
    "title" : "MedicationAdministration Performer Function Codes",
    "description" : "MedicationAdministration Performer Function Codes",
    "oids" : ["2.16.840.1.113883.4.642.1.1112"],
    "uses" : {
    },
    "http://hl7.org/fhir/R4/valueset-med-admin-perform-function.html" : "Medication administration  performer  function  codes"
  },
  {
    "url" : "http://terminology.hl7.org/CodeSystem/medication-admin-category",
    "version" : "4.0.1",
    "status" : "draft",
    "name" : "MedicationAdministration Category Codes",
    "title" : "Medication administration  category  codes",
    "description" : "MedicationAdministration Category Codes",
    "oids" : ["2.16.840.1.113883.4.642.4.1111"],
    "uses" : {
    },
    "http://hl7.org/fhir/R4/valueset-medication-admin-category.html" : "Medication administration  category  codes"
  },
  {
    "url" : "http://terminology.hl7.org/CodeSystem/medication-admin-status",
    "version" : "4.0.1",
    "status" : "draft",
    "name" : "MedicationAdministration Status Codes",
    "title" : "Medication administration  status  codes",
    "description" : "MedicationAdministration Status Codes",
    "oids" : ["2.16.840.1.113883.4.642.4.1311"],
    "uses" : {
    },
    "http://hl7.org/fhir/R4/valueset-medication-admin-status.html" : "Medication administration  status  codes"
  },
  {
    "url" : "http://terminology.hl7.org/CodeSystem/observation-category",
    "version" : "2.0.0",
    "status" : "active",
    "name" : "ObservationCategoryCodes",
    "title" : "Observation Category Codes",
    "description" : "Observation Category codes.",
    "oids" : ["2.16.840.1.113883.4.642.1.1125"],
    "uses" : {
    },
    "http://hl7.org/fhir/R4/valueset-observation-category.html" : "Observation Category Codes",
    "http://hl7.org/fhir/us/core/STU6.1/ValueSet-us-core-simple-observation-category.html" : "US Core Simple Observation Category",
    "http://hl7.org/fhir/us/core/STU6.1/ValueSet-us-core-clinical-result-observation-category.html" : "US Core Clinical Result Observation Category"
  },
  {
    "url" : "http://terminology.hl7.org/CodeSystem/referencerange-meaning",
    "version" : "1.0.1",
    "status" : "active",
    "name" : "ObservationReferenceRangeMeaningCodes",
    "title" : "Observation Reference Range Meaning Codes",
    "description" : "This value set defines a set of codes that can be used to indicate the meaning/use of a reference range for a particular target population.",
    "oids" : ["2.16.840.1.113883.4.642.1.1124"],
    "uses" : {
    },
    "http://hl7.org/fhir/R4/valueset-referencerange-meaning.html" : "Observation Reference Range Meaning Codes"
  },
  {
    "url" : "http://terminology.hl7.org/CodeSystem/v2-0131",
    "version" : "3.0.0",
    "status" : "active",
    "name" : "ContactRole2",
    "title" : "contactRole2",
    "description" : "Code system of concepts which specify a relationship role that the next of kin/associated parties plays with regard to the patient. Also used in referrals, for example, it may be necessary to identify the contact representative at the clinic that sent a referral. Used in HL7 Version 2 messaging in the NK1 and CTD segments after 2.5, when it replace 2.16.840.1.113883.18.57.",
    "oids" : ["2.16.840.1.113883.18.58"],
    "uses" : {
    },
    "http://hl7.org/fhir/R4/valueset-patient-contactrelationship.html" : "Patient Contact Relationship "
  },
  {
    "url" : "http://terminology.hl7.org/CodeSystem/v2-0203",
    "version" : "5.0.0",
    "status" : "active",
    "name" : "IdentifierType",
    "title" : "identifierType",
    "description" : "HL7-defined code system of concepts specifying type of identifier. Used in HL7 Version 2.x messaging data types CX, PLN, PPN, XCN and XON.",
    "oids" : ["2.16.840.1.113883.18.108"],
    "uses" : {
    },
    "http://hl7.org/fhir/R4/valueset-identifier-type.html" : "IdentifierType"
  },
  {
    "url" : "http://terminology.hl7.org/CodeSystem/v3-MaritalStatus",
    "version" : "3.0.0",
    "status" : "active",
    "name" : "MaritalStatus",
    "title" : "MaritalStatus",
    "description" : "\\* \\* \\* No description supplied \\* \\* \\*\r\n\r\n*Open Issue:* The specific meanings of these codes can vary somewhat by jurisdiction and implementation so caution should be used when determining equivalency.\r\n\r\n*Open Issue:* fixing and completion of the hierarchy and proper good definitions of all the concepts is badly needed.",
    "oids" : ["2.16.840.1.113883.5.2"],
    "uses" : {
    },
    "http://hl7.org/fhir/R4/valueset-marital-status.html" : "MaritalStatus"
  },
  {
    "url" : "http://terminology.hl7.org/CodeSystem/v3-NullFlavor",
    "version" : "3.0.0",
    "status" : "active",
    "name" : "NullFlavor",
    "title" : "NullFlavor",
    "description" : "A collection of codes specifying why a valid value is not present.",
    "oids" : ["2.16.840.1.113883.5.1008"],
    "uses" : {
    },
    "http://hl7.org/fhir/R4/valueset-marital-status.html" : "MaritalStatus"
  },
  {
    "url" : "http://terminology.hl7.org/CodeSystem/v3-ObservationInterpretation",
    "version" : "3.0.0",
    "status" : "active",
    "name" : "ObservationInterpretation",
    "title" : "ObservationInterpretation",
    "description" : "One or more codes providing a rough qualitative interpretation of the observation, such as \"normal\" / \"abnormal\", \"low\" / \"high\", \"better\" / \"worse\", \"resistant\" / \"susceptible\", \"expected\" / \"not expected\". The value set is intended to be for ANY use where coded representation of an interpretation is needed.",
    "oids" : ["2.16.840.1.113883.5.83"],
    "uses" : {
    },
    "ValueSet-onconova-vs-tumor-mutational-burden-status-interpretations.html" : "Tumor Mutational Burden Status Interpretation Value Set",
    "http://hl7.org/fhir/R4/valueset-observation-interpretation.html" : "Observation Interpretation Codes",
    "http://hl7.org/fhir/uv/genomics-reporting/STU2/ValueSet-high-low-codes-vs.html" : "High Low codes"
  },
  {
    "url" : "http://terminology.hl7.org/CodeSystem/v3-RoleCode",
    "version" : "3.0.0",
    "status" : "active",
    "name" : "RoleCode",
    "title" : "RoleCode",
    "description" : "A set of codes further specifying the kind of Role; specific classification codes for further qualifying RoleClass codes.",
    "oids" : ["2.16.840.1.113883.5.111"],
    "uses" : {
    },
    "http://terminology.hl7.org/7.0.1/ValueSet-v3-FamilyMember.html" : "FamilyMember"
  },
  {
    "url" : "http://unitsofmeasure.org",
    "version" : "3.0.1",
    "status" : "active",
    "name" : "UCUM",
    "title" : "Unified Code for Units of Measure (UCUM)",
    "description" : "The Unified Code for Units of Measure (UCUM) is a code system intended to include all units of measures being contemporarily used in international science, engineering, and business. The purpose is to facilitate unambiguous electronic communication of quantities together with their units. The focus is on electronic communication, as opposed to communication between humans. A typical application of The Unified Code for Units of Measure are electronic data interchange (EDI) protocols, but there is nothing that prevents it from being used in other types of machine communication.",
    "oids" : ["2.16.840.1.113883.6.8"],
    "uses" : {
    },
    "http://hl7.org/fhir/R4/valueset-units-of-time.html" : "UnitsOfTime",
    "http://hl7.org/fhir/R4/valueset-ucum-vitals-common.html" : "Vital Signs Units"
  },
  {
    "url" : "http://varnomen.hgvs.org",
    "version" : "2.0.1",
    "status" : "active",
    "name" : "Hgvs",
    "title" : "Human Genome Variation Society nomenclature",
    "description" : "HGVS nomenclatures are the guidelines for mutation nomenclature made by the Human Genome Variation Society.\r\n\r\nHGVS nomenclature can be used with the HL7 coded data type (code data type that accepts expression data, or a coded expression data type). This coded data type should be able to distinguish expressions in HGVS nomenclature from coded concepts. For example, in the HL7 messages specified according to the HL7 V2 Clinical Genomics Fully LOINC-Qualified Genetic Variation Model, HGVS nomenclature can be used to as the observation values for DNA sequence variations. For example, OBX|1|CWE|48004-6^DNA Sequence Variation^LN\r\n\r\nc.1129C>T^^HGVS|\r\n\r\nVersioning information: The HGVS nomenclature for the description of sequence variants was last modified Feb 20, 2008. The HGVS nomenclature for the description of protein sequence variants was last modified May 12, 2007. The HGVS nomenclature for the description of DNA sequence variants was last modified June 15, 2007 The HGVS nomenclature for the description of RNA sequence variants was last modified May 12, 2007\r\n\r\nHGVS nomenclatures can be used freely by the public.",
    "oids" : ["2.16.840.1.113883.6.282"],
    "uses" : {
    },
    "http://hl7.org/fhir/uv/genomics-reporting/STU2/ValueSet-hgvs-vs.html" : "Human Genome Variation Society (HGVS) Nomenclature"
  },
  {
    "url" : "http://www.ada.org/cdt",
    "version" : "3.0.1",
    "status" : "active",
    "name" : "CDT",
    "title" : "Code on Dental Procedures and Nomenclature",
    "description" : "The purpose of the CDT Code is to achieve uniformity, consistency and specificity in accurately documenting dental treatment. One use of the CDT Code is to provide for the efficient processing of dental claims, and another is to populate an Electronic Health Record.",
    "oids" : ["2.16.840.1.113883.6.13"],
    "uses" : {
    },
    "http://hl7.org/fhir/us/core/STU6.1/ValueSet-us-core-procedure-code.html" : "US Core Procedure Codes"
  },
  {
    "url" : "http://www.ama-assn.org/go/cpt",
    "version" : "3.0.1",
    "status" : "active",
    "name" : "CPT",
    "title" : "Current Procedural Terminology (CPT®)",
    "description" : "The Current Procedural Terminology (CPT) code set, created and maintained by the American Medical Association, is the language of medicine today and the code to its future. This system of terminology is the most widely accepted medical nomenclature used to report medical procedures and services under public and private health insurance programs. CPT coding is also used for administrative management purposes such as claims processing and developing guidelines for medical care review. Each year, via a rigorous, evidence-based and transparent process, the independent CPT Editorial Panel revises, creates or deletes hundreds of codes in order to reflect current medical practice.\r\n\r\nDesignated by the U.S. Department of Health and Human Services under the Health Insurance Portability and Accountability Act (HIPAA) as a national coding set for physician and other health care professional services and procedures, CPT’s evidence-based codes accurately encompass the full range of health care services.\r\n\r\nAll CPT codes are five-digits and can be either numeric or alphanumeric, depending on the category. CPT code descriptors are clinically focused and utilize common standards so that a diverse set of users can have common understanding across the clinical health care paradigm.\r\n\r\nThere are various types of CPT codes:\r\n\r\nCategory I: These codes have descriptors that correspond to a procedure or service. Codes range from 00100–99499 and are generally ordered into sub-categories based on procedure/service type and anatomy.\r\n\r\nCategory II: These alphanumeric tracking codes are supplemental codes used for performance measurement. Using them is optional and not required for correct coding.\r\n\r\nCategory III: These are temporary alphanumeric codes for new and developing technology, procedures and services. They were created for data collection, assessment and in some instances, payment of new services and procedures that currently don’t meet the criteria for a Category I code.\r\n\r\nProprietary Laboratory Analyses (PLA) codes: These codes describe proprietary clinical laboratory analyses and can be either provided by a single (“solesource”) laboratory or licensed or marketed to multiple providing laboratories that are cleared or approved by the Food and Drug Administration (FDA)). This category includes but is not limited to Advanced Diagnostic Laboratory Tests (ADLTs) and Clinical Diagnostic Laboratory Tests (CDLTs), as defined under the Protecting Access to Medicare Act of 2014 (PAMA).",
    "oids" : ["2.16.840.1.113883.6.12"],
    "uses" : {
    },
    "http://hl7.org/fhir/us/core/STU6.1/ValueSet-us-core-procedure-code.html" : "US Core Procedure Codes"
  },
  {
    "url" : "http://www.cms.gov/Medicare/Coding/ICD10",
    "version" : "2.0.1",
    "status" : "active",
    "name" : "Icd10PCS",
    "title" : "ICD-10 Procedure Codes",
    "description" : "ICD Procedure Coding System (ICD 10 PCS)",
    "oids" : ["2.16.840.1.113883.6.4"],
    "uses" : {
    },
    "http://hl7.org/fhir/us/core/STU6.1/ValueSet-us-core-procedure-code.html" : "US Core Procedure Codes"
  },
  {
    "url" : "http://www.genenames.org/genegroup",
    "version" : "1.1.0",
    "status" : "active",
    "name" : "HGNCGeneGroup",
    "title" : "HUGO Gene Nomenclature Committee Gene Group",
    "description" : "\"The HGNC is responsible for approving unique symbols and names for human loci, including protein coding genes, ncRNA genes and pseudogenes, to allow unambiguous scientific communication.\"\r\n\r\nHGNC Gene Group is an index on gene families/groups. The numeric GeneGroup IDs should be used as codes. GeneGroup IDs do not begin with \"HGNC:\" (like the GeneIDs for genes in HGNC Genes), so care must be made to ensure alignment of concepts when viewing an HGNC ID from an older system that may be referring to the GeneID and not a gene group. For example, 588 refers to the HLA gene family, but HGNC:588 identifies the ATG12 gene. To provide clarity for systems that do not distinguish codes from genes and gene families, use \"http://www.genenames.org\" for genes and \"http://www.genenames.org/genegroup\" for gene families as code system URIs.\r\n\r\n\"For each known human gene we approve a gene name and symbol (short-form abbreviation). All approved symbols are stored in the HGNC database,[www.genenames.org](https://www.genenames.org/tools/search), a curated online repository of HGNC-approved gene nomenclature, gene groups and associated resources including links to genomic, proteomic and phenotypic information. Each symbol is unique and we ensure that each gene is only given one approved gene symbol. It is necessary to provide a unique symbol for each gene so that we and others can talk about them, and this also facilitates electronic data retrieval from publications and databases.\"\r\n\r\nFor more information on the use of HGNC Genes, see [https://terminology.hl7.org/CodeSystem-v3-hgnc.html](https://terminology.hl7.org/CodeSystem-v3-hgnc.html).\r\n\r\nHGNC is a free database for the public.\r\n\r\nPlease see https://www.genenames.org/ for more info.",
    "uses" : {
    },
    "http://hl7.org/fhir/uv/genomics-reporting/STU2/ValueSet-hgnc-vs.html" : "HUGO Gene Nomenclature Committee Gene Names (HGNC)"
  },
  {
    "url" : "https://www.cms.gov/Medicare/Coding/HCPCSReleaseCodeSets",
    "version" : "1.0.1",
    "status" : "active",
    "name" : "HCPCSLevelII",
    "title" : "Healthcare Common Procedure Coding System (HCPCS) level II alphanumeric codes",
    "description" : "The Level II HCPCS codes, which are established by CMS's Alpha-Numeric Editorial Panel, primarily represent items and supplies and non-physician services not covered by the American Medical Association's Current Procedural Terminology-4 (CPT-4) codes; Medicare, Medicaid, and private health insurers use HCPCS procedure and modifier codes for claims processing.  Level II alphanumeric procedure and modifier codes comprise the A to V range.",
    "oids" : ["2.16.840.1.113883.6.285"],
    "uses" : {
    },
    "http://hl7.org/fhir/us/core/STU6.1/ValueSet-us-core-procedure-code.html" : "US Core Procedure Codes"
  },
  {
    "url" : "urn:ietf:bcp:47",
    "version" : "2.0.1",
    "status" : "active",
    "name" : "Ietf3066",
    "title" : "Tags for the Identification of Languages",
    "description" : "Older value from OID registry.  Superceded; see recommendations in BCP-47.",
    "oids" : ["2.16.840.1.113883.6.121"],
    "uses" : {
    },
    "http://hl7.org/fhir/us/core/STU6.1/ValueSet-simple-language.html" : "Language codes with language and optionally a region modifier",
    "http://hl7.org/fhir/R4/valueset-languages.html" : "Common Languages"
  }]
}
