"Id","Path","Slice Name","Alias(s)","Label","Min","Max","Must Support?","Is Modifier?","Is Summary?","Type(s)","Short","Definition","Comments","Requirements","Default Value","Meaning When Missing","Fixed Value","Pattern","Example","Minimum Value","Maximum Value","Maximum Length","Binding Strength","Binding Description","Binding Value Set","Code","Slicing Discriminator","Slicing Description","Slicing Ordered","Slicing Rules","Base Path","Base Min","Base Max","Condition(s)","Constraint(s)","Mapping: Workflow Pattern","Mapping: SNOMED CT Concept Domain Binding","Mapping: HL7 v2 Mapping","Mapping: RIM Mapping","Mapping: FiveWs Pattern Mapping","Mapping: SNOMED CT Attribute Binding"
"Observation","Observation","","Vital Signs
MeasurementResultsTests","",0,*,"","","","null {[]} {[]}
","Measurements and simple assertions","Measurements and simple assertions made about a patient, device or other subject.","Used for simple observations such as device measurements, laboratory atomic results, vital signs, height, weight, smoking status, comments, etc.  Other resources are used to provide context for observations such as laboratory reports, etc.","","","","","","","","",,,,,"",,,,"Observation",0,*,"","dom-2:If the resource is contained in another resource, it SHALL NOT contain nested Resources {contained.contained.empty()}
dom-3:If the resource is contained in another resource, it SHALL be referred to from elsewhere in the resource or SHALL refer to the containing resource {contained.where((('#'+id in (%resource.descendants().reference | %resource.descendants().as(canonical) | %resource.descendants().as(uri) | %resource.descendants().as(url))) or descendants().where(reference = '#').exists() or descendants().where(as(canonical) = '#').exists() or descendants().where(as(canonical) = '#').exists()).not()).trace('unmatched', id).empty()}dom-4:If a resource is contained in another resource, it SHALL NOT have a meta.versionId or a meta.lastUpdated {contained.meta.versionId.empty() and contained.meta.lastUpdated.empty()}dom-5:If a resource is contained in another resource, it SHALL NOT have a security label {contained.meta.security.empty()}dom-6:A resource should have narrative for robust management {text.`div`.exists()}obs-6:dataAbsentReason SHALL only be present if Observation.value[x] is not present {dataAbsentReason.empty() or value.empty()}obs-7:If Observation.code is the same as an Observation.component.code then the value element associated with the code SHALL NOT be present {value.empty() or component.code.where(coding.intersect(%resource.code.coding).exists()).empty()}o-sig-req-1:The subject element is required and must be provided. {subject.exists() and subject.resolve().is(Patient)}o-sig-req-2:The effectiveDateTime element is required and must be provided. {effectiveDateTime.exists() and effectiveDateTime.hasValue()}o-sig-req-3:The valueQuantity element is required and must be provided. {valueQuantity.exists()}","Event","< 363787002 |Observable entity|","OBX","Entity. Role, or Act","Observation[classCode=OBS, moodCode=EVN]"
"Observation.id","Observation.id","","","",0,1,"","","Y","id {[]} {[]}
","Logical id of this artifact","The logical id of the resource, as used in the URL for the resource. Once assigned, this value never changes.","The only time that a resource does not have an id is when it is being submitted to the server using a create operation.","","","","","","","","",,,,,"",,,,"Resource.id",0,1,"",""
"Observation.meta","Observation.meta","","","",0,1,"","","Y","Meta {[]} {[]}
","Metadata about the resource","The metadata about the resource. This is content that is maintained by the infrastructure. Changes to the content might not always be associated with version changes to the resource.","","","","","","","","","",,,,,"",,,,"Resource.meta",0,1,"","ele-1:All FHIR elements must have a @value or children {hasValue() or (children().count() > id.count())}
"
"Observation.implicitRules","Observation.implicitRules","","","",0,1,"","Y","Y","uri {[]} {[]}
","A set of rules under which this content was created","A reference to a set of rules that were followed when the resource was constructed, and which must be understood when processing the content. Often, this is a reference to an implementation guide that defines the special rules along with other profiles etc.","Asserting this rule set restricts the content to be only understood by a limited set of trading partners. This inherently limits the usefulness of the data in the long term. However, the existing health eco-system is highly fractured, and not yet ready to define, collect, and exchange data in a generally computable sense. Wherever possible, implementers and/or specification writers should avoid using this element. Often, when used, the URL is a reference to an implementation guide that defines these special rules as part of it's narrative along with other profiles, value sets, etc.","","","","","","","","",,,,,"",,,,"Resource.implicitRules",0,1,"","ele-1:All FHIR elements must have a @value or children {hasValue() or (children().count() > id.count())}
"
"Observation.language","Observation.language","","","",0,1,"","","","code {[]} {[]}
","Language of the resource content","The base language in which the resource is written.","Language is provided to support indexing and accessibility (typically, services such as text to speech use the language tag). The html language tag in the narrative applies  to the narrative. The language tag on the resource may be used to specify the language of other presentations generated from the data in the resource. Not all the content has to be in the base language. The Resource.language should not be assumed to apply to the narrative automatically. If a language is specified, it should it also be specified on the div element in the html (see rules in HTML5 for information about the relationship between xml:lang and the html lang attribute).","","","","","","","","",,"preferred","A human language.","http://hl7.org/fhir/ValueSet/languages","",,,,"Resource.language",0,1,"","ele-1:All FHIR elements must have a @value or children {hasValue() or (children().count() > id.count())}
"
"Observation.text","Observation.text","","narrative
htmlxhtmldisplay","",0,1,"","","","Narrative {[]} {[]}
","Text summary of the resource, for human interpretation","A human-readable narrative that contains a summary of the resource and can be used to represent the content of the resource to a human. The narrative need not encode all the structured data, but is required to contain sufficient detail to make it ""clinically safe"" for a human to just read the narrative. Resource definitions may define what content should be represented in the narrative to ensure clinical safety.","Contained resources do not have narrative. Resources that are not contained SHOULD have a narrative. In some cases, a resource may only have text with little or no additional discrete data (as long as all minOccurs=1 elements are satisfied).  This may be necessary for data from legacy systems where information is captured as a ""text blob"" or where text is additionally entered raw or narrated and encoded information is added later.","","","","","","","","",,,,,"",,,,"DomainResource.text",0,1,"","ele-1:All FHIR elements must have a @value or children {hasValue() or (children().count() > id.count())}
","Act.text?"
"Observation.contained","Observation.contained","","inline resources
anonymous resourcescontained resources","",0,*,"","","","Resource {[]} {[]}
","Contained, inline Resources","These resources do not have an independent existence apart from the resource that contains them - they cannot be identified independently, and nor can they have their own independent transaction scope.","This should never be done when the content can be identified properly, as once identification is lost, it is extremely difficult (and context dependent) to restore it again. Contained resources may have profiles and tags In their meta elements, but SHALL NOT have security labels.","","","","","","","","",,,,,"",,,,"DomainResource.contained",0,*,"","","N/A"
"Observation.extension","Observation.extension","","","",0,*,"","","","Extension {[]} {[]}
","Extension","An Extension","","","","","","","","","",,,,,"","value:url}
","",,"open","DomainResource.extension",0,*,"","ele-1:All FHIR elements must have a @value or children {hasValue() or (children().count() > id.count())}
ext-1:Must have either extensions or value[x], not both {extension.exists() != value.exists()}"
"Observation.extension:secondary-finding","Observation.extension","secondary-finding","","",0,1,"","","","Extension {[CanonicalType[http://hl7.org/fhir/StructureDefinition/observation-secondaryFinding]]} {[]}
","Secondary findings are genetic test results that provide information about variants in a gene unrelated to the primary purpose for the testing, most often discovered when [Whole Exome Sequencing (WES)](https://en.wikipedia.org/wiki/Exome_sequencing) or [Whole Genome Sequencing (WGS)](https://en.wikipedia.org/wiki/Whole_genome_sequencing) is performed. This extension should be used to denote when a genetic finding is being shared as a secondary finding, and ideally refer to a corresponding guideline or policy statement.

For more detail, please see:
https://ghr.nlm.nih.gov/primer/testing/secondaryfindings","Secondary findings are genetic test results that provide information about variants in a gene unrelated to the primary purpose for the testing, most often discovered when [Whole Exome Sequencing (WES)](https://en.wikipedia.org/wiki/Exome_sequencing) or [Whole Genome Sequencing (WGS)](https://en.wikipedia.org/wiki/Whole_genome_sequencing) is performed. This extension should be used to denote when a genetic finding is being shared as a secondary finding, and ideally refer to a corresponding guideline or policy statement.

For more detail, please see:
https://ghr.nlm.nih.gov/primer/testing/secondaryfindings.","","","","","","","","","",,,,,"",,,,"DomainResource.extension",0,*,"ele-1
","ele-1:All FHIR elements must have a @value or children {hasValue() or (children().count() > id.count())}
ext-1:Must have either extensions or value[x], not both {extension.exists() != value.exists()}"
"Observation.extension:body-structure","Observation.extension","body-structure","","",0,1,"","","","Extension {[CanonicalType[http://hl7.org/fhir/StructureDefinition/bodySite]]} {[]}
","Target anatomic location or structure","Record details about the anatomical location of a specimen or body part. This resource may be used when a coded concept does not provide the necessary detail needed for the use case.","","","","","","","","","",,,,,"",,,,"DomainResource.extension",0,*,"ele-1
","ele-1:All FHIR elements must have a @value or children {hasValue() or (children().count() > id.count())}
ext-1:Must have either extensions or value[x], not both {extension.exists() != value.exists()}"
"Observation.modifierExtension","Observation.modifierExtension","","extensions
user content","",0,*,"","Y","","Extension {[]} {[]}
","Extensions that cannot be ignored","May be used to represent additional information that is not part of the basic definition of the resource and that modifies the understanding of the element that contains it and/or the understanding of the containing element's descendants. Usually modifier elements provide negation or qualification. To make the use of extensions safe and manageable, there is a strict set of governance applied to the definition and use of extensions. Though any implementer is allowed to define an extension, there is a set of requirements that SHALL be met as part of the definition of the extension. Applications processing a resource are required to check for modifier extensions.

Modifier extensions SHALL NOT change the meaning of any elements on Resource or DomainResource (including cannot change the meaning of modifierExtension itself).","There can be no stigma associated with the use of extensions by any application, project, or standard - regardless of the institution or jurisdiction that uses or defines the extensions.  The use of extensions is what allows the FHIR specification to retain a core level of simplicity for everyone.","Modifier extensions allow for extensions that *cannot* be safely ignored to be clearly distinguished from the vast majority of extensions which can be safely ignored.  This promotes interoperability by eliminating the need for implementers to prohibit the presence of extensions. For further information, see the [definition of modifier extensions](http://hl7.org/fhir/R4/extensibility.html#modifierExtension).","","","","","","","",,,,,"",,,,"DomainResource.modifierExtension",0,*,"","ele-1:All FHIR elements must have a @value or children {hasValue() or (children().count() > id.count())}
ext-1:Must have either extensions or value[x], not both {extension.exists() != value.exists()}","N/A"
"Observation.identifier","Observation.identifier","","","",0,*,"","","Y","Identifier {[]} {[]}
","Business Identifier for observation","A unique identifier assigned to this observation.","","Allows observations to be distinguished and referenced.","","","","","","","",,,,,"",,,,"Observation.identifier",0,*,"","ele-1:All FHIR elements must have a @value or children {hasValue() or (children().count() > id.count())}
","Event.identifier","OBX.21  For OBX segments from systems without OBX-21 support a combination of ORC/OBR and OBX must be negotiated between trading partners to uniquely identify the OBX segment. Depending on how V2 has been implemented each of these may be an option: 1) OBR-3 + OBX-3 + OBX-4 or 2) OBR-3 + OBR-4 + OBX-3 + OBX-4 or 2) some other way to uniquely ID the OBR/ORC + OBX-3 + OBX-4.","id","FiveWs.identifier"
"Observation.basedOn","Observation.basedOn","","Fulfills
","",0,*,"","","Y","Reference {[]} {[CanonicalType[http://hl7.org/fhir/StructureDefinition/CarePlan], CanonicalType[http://hl7.org/fhir/StructureDefinition/DeviceRequest], CanonicalType[http://hl7.org/fhir/StructureDefinition/ImmunizationRecommendation], CanonicalType[http://hl7.org/fhir/StructureDefinition/MedicationRequest], CanonicalType[http://hl7.org/fhir/StructureDefinition/NutritionOrder], CanonicalType[http://hl7.org/fhir/StructureDefinition/ServiceRequest]]}
","Fulfills plan, proposal or order","A plan, proposal or order that is fulfilled in whole or in part by this event.  For example, a MedicationRequest may require a patient to have laboratory test performed before  it is dispensed.","","Allows tracing of authorization for the event and tracking whether proposals/recommendations were acted upon.","","","","","","","",,,,,"",,,,"Observation.basedOn",0,*,"","ele-1:All FHIR elements must have a @value or children {hasValue() or (children().count() > id.count())}
","Event.basedOn","ORC",".inboundRelationship[typeCode=COMP].source[moodCode=EVN]"
"Observation.partOf","Observation.partOf","","Container
","",0,*,"","","Y","Reference {[]} {[CanonicalType[http://hl7.org/fhir/StructureDefinition/MedicationAdministration], CanonicalType[http://hl7.org/fhir/StructureDefinition/MedicationDispense], CanonicalType[http://hl7.org/fhir/StructureDefinition/MedicationStatement], CanonicalType[http://hl7.org/fhir/StructureDefinition/Procedure], CanonicalType[http://hl7.org/fhir/StructureDefinition/Immunization], CanonicalType[http://hl7.org/fhir/StructureDefinition/ImagingStudy]]}
","Part of referenced event","A larger event of which this particular Observation is a component or step.  For example,  an observation as part of a procedure.","To link an Observation to an Encounter use `encounter`.  See the  [Notes](http://hl7.org/fhir/R4/observation.html#obsgrouping) below for guidance on referencing another Observation.","","","","","","","","",,,,,"",,,,"Observation.partOf",0,*,"","ele-1:All FHIR elements must have a @value or children {hasValue() or (children().count() > id.count())}
","Event.partOf","Varies by domain",".outboundRelationship[typeCode=FLFS].target"
"Observation.status","Observation.status","","","",1,1,"","Y","Y","code {[]} {[]}
","Not used in this profile","Not used in this profile","This element is labeled as a modifier because the status contains codes that mark the resource as not currently valid.","Need to track the status of individual results. Some results are finalized before the whole report is finalized.","","","","","","","",,"required","Codes providing the status of an observation.","http://hl7.org/fhir/ValueSet/observation-status|4.0.1","",,,,"Observation.status",1,1,"","ele-1:All FHIR elements must have a @value or children {hasValue() or (children().count() > id.count())}
","Event.status","< 445584004 |Report by finality status|","OBX-11","status  Amended & Final are differentiated by whether it is the subject of a ControlAct event with a type of ""revise""","FiveWs.status"
"Observation.category","Observation.category","","","",1,*,"","","","CodeableConcept {[]} {[]}
","Classification of  type of observation","A code that classifies the general type of observation being made.","In addition to the required category valueset, this element allows various categorization schemes based on the owner’s definition of the category and effectively multiple categories can be used at once.  The level of granularity is defined by the category concepts in the value set.","Used for filtering what observations are retrieved and displayed.","","","","","","","",,"preferred","Codes for high level observation categories.","http://hl7.org/fhir/ValueSet/observation-category","","value:coding}
","Slice based on the category.code pattern",,"open","Observation.category",0,*,"","ele-1:All FHIR elements must have a @value or children {hasValue() or (children().count() > id.count())}
",".outboundRelationship[typeCode=""COMP].target[classCode=""LIST"", moodCode=""EVN""].code","FiveWs.class"
"Observation.category:labCategory","Observation.category","labCategory","","",1,1,"","","","CodeableConcept {[]} {[]}
","Classification of  type of observation","A code that classifies the general type of observation being made.","In addition to the required category valueset, this element allows various categorization schemes based on the owner’s definition of the category and effectively multiple categories can be used at once.  The level of granularity is defined by the category concepts in the value set.","Used for filtering what observations are retrieved and displayed.","","","","","","","",,"preferred","Codes for high level observation categories.","http://hl7.org/fhir/ValueSet/observation-category","",,,,"Observation.category",0,*,"","ele-1:All FHIR elements must have a @value or children {hasValue() or (children().count() > id.count())}
",".outboundRelationship[typeCode=""COMP].target[classCode=""LIST"", moodCode=""EVN""].code","FiveWs.class"
"Observation.category:labCategory.id","Observation.category.id","","","",0,1,"","","","string {[]} {[]}
","Unique id for inter-element referencing","Unique id for the element within a resource (for internal references). This may be any string value that does not contain spaces.","","","","","","","","","",,,,,"",,,,"Element.id",0,1,"","","n/a"
"Observation.category:labCategory.extension","Observation.category.extension","","extensions
user content","",0,*,"","","","Extension {[]} {[]}
","Additional content defined by implementations","May be used to represent additional information that is not part of the basic definition of the element. To make the use of extensions safe and manageable, there is a strict set of governance  applied to the definition and use of extensions. Though any implementer can define an extension, there is a set of requirements that SHALL be met as part of the definition of the extension.","There can be no stigma associated with the use of extensions by any application, project, or standard - regardless of the institution or jurisdiction that uses or defines the extensions.  The use of extensions is what allows the FHIR specification to retain a core level of simplicity for everyone.","","","","","","","","",,,,,"","value:url}
","Extensions are always sliced by (at least) url",,"open","Element.extension",0,*,"","ele-1:All FHIR elements must have a @value or children {hasValue() or (children().count() > id.count())}
ext-1:Must have either extensions or value[x], not both {extension.exists() != value.exists()}","n/a"
"Observation.category:labCategory.coding","Observation.category.coding","","","",1,*,"","","Y","Coding {[]} {[]}
","Code defined by a terminology system","A reference to a code defined by a terminology system.","Codes may be defined very casually in enumerations, or code lists, up to very formal definitions such as SNOMED CT - see the HL7 v3 Core Principles for more information.  Ordering of codings is undefined and SHALL NOT be used to infer meaning. Generally, at most only one of the coding values will be labeled as UserSelected = true.","Allows for alternative encodings within a code system, and translations to other code systems.","","","","<valueCoding xmlns=""http://hl7.org/fhir"">
  <system value=""http://terminology.hl7.org/CodeSystem/observation-category""/>
  <code value=""laboratory""/>
</valueCoding>","","","",,,,,"",,,,"CodeableConcept.coding",0,*,"","ele-1:All FHIR elements must have a @value or children {hasValue() or (children().count() > id.count())}
","C*E.1-8, C*E.10-22","union(., ./translation)"
"Observation.category:labCategory.text","Observation.category.text","","","",0,1,"","","Y","string {[]} {[]}
","Plain text representation of the concept","A human language representation of the concept as seen/selected/uttered by the user who entered the data and/or which represents the intended meaning of the user.","Very often the text is the same as a displayName of one of the codings.","The codes from the terminologies do not always capture the correct meaning with all the nuances of the human using them, or sometimes there is no appropriate code at all. In these cases, the text is used to capture the full meaning of the source.","","","","","","","",,,,,"",,,,"CodeableConcept.text",0,1,"","ele-1:All FHIR elements must have a @value or children {hasValue() or (children().count() > id.count())}
","C*E.9. But note many systems use C*E.2 for this","./originalText[mediaType/code=""text/plain""]/data"
"Observation.code","Observation.code","","Name
","",1,1,"","","Y","CodeableConcept {[]} {[]}
","Type of observation (code / type)","Describes what was observed. Sometimes this is called the observation ""name"".","*All* code-value and, if present, component.code-component.value pairs need to be taken into account to correctly understand the meaning of the observation.","Knowing what kind of observation is being made is essential to understanding the observation.","","","","<valueCodeableConcept xmlns=""http://hl7.org/fhir"">
  <coding>
    <system value=""http://onconova.github.io/fhir/CodeSystem/onconova-cs-tbd""/>
    <code value=""tumor-neoantigen-burden""/>
    <display value=""Tumor Neoantigen Burden""/>
  </coding>
</valueCodeableConcept>","","","",,"example","Codes identifying names of simple observations.","http://hl7.org/fhir/ValueSet/observation-codes","",,,,"Observation.code",1,1,"","ele-1:All FHIR elements must have a @value or children {hasValue() or (children().count() > id.count())}
","Event.code","< 363787002 |Observable entity| OR < 386053000 |Evaluation procedure|","OBX-3","code","FiveWs.what[x]","116680003 |Is a|"
"Observation.subject","Observation.subject","","","",1,1,"Y","","Y","Reference {[]} {[CanonicalType[http://onconova.github.io/fhir/StructureDefinition/onconova-cancer-patient]]}
","The cancer patient associated with this signature","The patient, or group of patients, location, or device this observation is about and into whose record the observation is placed. If the actual focus of the observation is different from the subject (or a sample of, part, or region of the subject), the `focus` element or the `code` itself specifies the actual focus of the observation.","One would expect this element to be a cardinality of 1..1. The only circumstance in which the subject can be missing is when the observation is made by a device that does not know the patient. In this case, the observation SHALL be matched to a patient through some context/channel matching technique, and at this point, the observation should be updated.","Observations have no value if you don't know who or what they're about.","","","","","","","",,,,,"",,,,"Observation.subject",0,1,"","ele-1:All FHIR elements must have a @value or children {hasValue() or (children().count() > id.count())}
","Event.subject","PID-3","participation[typeCode=RTGT]","FiveWs.subject[x]","FiveWs.subject"
"Observation.focus","Observation.focus","","","",0,*,"","","Y","Reference {[]} {[CanonicalType[http://hl7.org/fhir/StructureDefinition/Resource]]}
","Not used in this profile","Not used in this profile","Typically, an observation is made about the subject - a patient, or group of patients, location, or device - and the distinction between the subject and what is directly measured for an observation is specified in the observation code itself ( e.g., ""Blood Glucose"") and does not need to be represented separately using this element.  Use `specimen` if a reference to a specimen is required.  If a code is required instead of a resource use either  `bodysite` for bodysites or the standard extension [focusCode](http://hl7.org/fhir/R4/extension-observation-focuscode.html).","","","","","","","","",,,,,"",,,,"Observation.focus",0,*,"","ele-1:All FHIR elements must have a @value or children {hasValue() or (children().count() > id.count())}
","OBX-3","participation[typeCode=SBJ]","FiveWs.subject[x]","FiveWs.subject"
"Observation.encounter","Observation.encounter","","Context
","",0,1,"","","Y","Reference {[]} {[CanonicalType[http://hl7.org/fhir/StructureDefinition/Encounter]]}
","Not used in this profile","Not used in this profile","This will typically be the encounter the event occurred within, but some events may be initiated prior to or after the official completion of an encounter but still be tied to the context of the encounter (e.g. pre-admission laboratory tests).","For some observations it may be important to know the link between an observation and a particular encounter.","","","","","","","",,,,,"",,,,"Observation.encounter",0,1,"","ele-1:All FHIR elements must have a @value or children {hasValue() or (children().count() > id.count())}
","Event.context","PV1","inboundRelationship[typeCode=COMP].source[classCode=ENC, moodCode=EVN]","FiveWs.context"
"Observation.effective[x]","Observation.effective[x]","","Occurrence
","",1,1,"Y","","Y","dateTime {[]} {[]}
","Clinically relevant time/time-period for observation","The time or time-period the observed value is asserted as being true. For biological subjects - e.g. human patients - this is usually called the ""physiologically relevant time"". This is usually either the time of the procedure or of specimen collection, but very often the source of the date/time is not known, only the date/time itself.","At least a date should be present unless this observation is a historical report.  For recording imprecise or ""fuzzy"" times (For example, a blood glucose measurement taken ""after breakfast"") use the [Timing](http://hl7.org/fhir/R4/datatypes.html#timing) datatype which allow the measurement to be tied to regular life events.","Knowing when an observation was deemed true is important to its relevance as well as determining trends.","","","","","","","",,,,,"",,,,"Observation.effective[x]",0,1,"","ele-1:All FHIR elements must have a @value or children {hasValue() or (children().count() > id.count())}
","Event.occurrence[x]","OBX-14, and/or OBX-19 after v2.4  (depends on who observation made)","effectiveTime","FiveWs.done[x]"
"Observation.issued","Observation.issued","","","",0,1,"","","Y","instant {[]} {[]}
","Not used in this profile","Not used in this profile","For Observations that don’t require review and verification, it may be the same as the [`lastUpdated` ](http://hl7.org/fhir/R4/resource-definitions.html#Meta.lastUpdated) time of the resource itself.  For Observations that do require review and verification for certain updates, it might not be the same as the `lastUpdated` time of the resource itself due to a non-clinically significant update that doesn’t require the new version to be reviewed and verified again.","","","","","","","","",,,,,"",,,,"Observation.issued",0,1,"","ele-1:All FHIR elements must have a @value or children {hasValue() or (children().count() > id.count())}
","OBR.22 (or MSH.7), or perhaps OBX-19 (depends on who observation made)","participation[typeCode=AUT].time","FiveWs.recorded"
"Observation.performer","Observation.performer","","","",0,*,"","","Y","Reference {[]} {[CanonicalType[http://hl7.org/fhir/StructureDefinition/Practitioner], CanonicalType[http://hl7.org/fhir/StructureDefinition/PractitionerRole], CanonicalType[http://hl7.org/fhir/StructureDefinition/Organization], CanonicalType[http://hl7.org/fhir/StructureDefinition/CareTeam], CanonicalType[http://hl7.org/fhir/StructureDefinition/Patient], CanonicalType[http://hl7.org/fhir/StructureDefinition/RelatedPerson]]}
","Not used in this profile","Not used in this profile","","May give a degree of confidence in the observation and also indicates where follow-up questions should be directed.","","","","","","","",,,,,"",,,,"Observation.performer",0,*,"","ele-1:All FHIR elements must have a @value or children {hasValue() or (children().count() > id.count())}
","Event.performer.actor","OBX.15 / (Practitioner)  OBX-16,  PRT-5:PRT-4='RO' /  (Device)  OBX-18 , PRT-10:PRT-4='EQUIP' / (Organization)  OBX-23,  PRT-8:PRT-4='PO'","participation[typeCode=PRF]","FiveWs.actor"
"Observation.value[x]","Observation.value[x]","","","",1,1,"Y","","Y","Quantity {[]} {[]}
","Actual result","The information determined as a result of making the observation, if the information has a simple value.","An observation may have; 1)  a single value here, 2)  both a value and a set of related or component values,  or 3)  only a set of related or component values. If a value is present, the datatype for this element should be determined by Observation.code.  A CodeableConcept with just a text would be used instead of a string if the field was usually coded, or if the type associated with the Observation.code defines a coded value.  For additional guidance, see the [Notes section](http://hl7.org/fhir/R4/observation.html#notes) below.","An observation exists to have a value, though it might not if it is in error, or if it represents a group of observations.","","","","","","","",,,,,"",,,,"Observation.value[x]",0,1,"obs-7
","ele-1:All FHIR elements must have a @value or children {hasValue() or (children().count() > id.count())}
","< 441742003 |Evaluation finding|","OBX.2, OBX.5, OBX.6","value","363714003 |Interprets|"
"Observation.value[x].id","Observation.value[x].id","","","",0,1,"","","","string {[]} {[]}
","Unique id for inter-element referencing","Unique id for the element within a resource (for internal references). This may be any string value that does not contain spaces.","","","","","","","","","",,,,,"",,,,"Element.id",0,1,"","","n/a"
"Observation.value[x].extension","Observation.value[x].extension","","extensions
user content","",0,*,"","","","Extension {[]} {[]}
","Additional content defined by implementations","May be used to represent additional information that is not part of the basic definition of the element. To make the use of extensions safe and manageable, there is a strict set of governance  applied to the definition and use of extensions. Though any implementer can define an extension, there is a set of requirements that SHALL be met as part of the definition of the extension.","There can be no stigma associated with the use of extensions by any application, project, or standard - regardless of the institution or jurisdiction that uses or defines the extensions.  The use of extensions is what allows the FHIR specification to retain a core level of simplicity for everyone.","","","","","","","","",,,,,"","value:url}
","Extensions are always sliced by (at least) url",,"open","Element.extension",0,*,"","ele-1:All FHIR elements must have a @value or children {hasValue() or (children().count() > id.count())}
ext-1:Must have either extensions or value[x], not both {extension.exists() != value.exists()}","n/a"
"Observation.value[x].value","Observation.value[x].value","","","",0,1,"","","Y","decimal {[]} {[]}
","Numerical value (with implicit precision)","The value of the measured amount. The value includes an implicit precision in the presentation of the value.","The implicit precision in the value should always be honored. Monetary values have their own rules for handling precision (refer to standard accounting text books).","Precision is handled implicitly in almost all cases of measurement.","","","","","","","",,,,,"",,,,"Quantity.value",0,1,"","ele-1:All FHIR elements must have a @value or children {hasValue() or (children().count() > id.count())}
","SN.2  / CQ - N/A","PQ.value, CO.value, MO.value, IVL.high or IVL.low depending on the value"
"Observation.value[x].comparator","Observation.value[x].comparator","","","",0,1,"","Y","Y","code {[]} {[]}
","< | <= | >= | > - how to understand the value","How the value should be understood and represented - whether the actual value is greater or less than the stated value due to measurement issues; e.g. if the comparator is ""<"" , then the real value is < stated value.","","Need a framework for handling measures where the value is <5ug/L or >400mg/L due to the limitations of measuring methodology.","","If there is no comparator, then there is no modification of the value","","","","","",,"required","How the Quantity should be understood and represented.","http://hl7.org/fhir/ValueSet/quantity-comparator|4.0.1","",,,,"Quantity.comparator",0,1,"","ele-1:All FHIR elements must have a @value or children {hasValue() or (children().count() > id.count())}
","SN.1  / CQ.1","IVL properties"
"Observation.value[x].unit","Observation.value[x].unit","","","",0,1,"","","Y","string {[]} {[]}
","Unit representation","A human-readable form of the unit.","","There are many representations for units of measure and in many contexts, particular representations are fixed and required. I.e. mcg for micrograms.","","","","","","","",,,,,"",,,,"Quantity.unit",0,1,"","ele-1:All FHIR elements must have a @value or children {hasValue() or (children().count() > id.count())}
","(see OBX.6 etc.) / CQ.2","PQ.unit"
"Observation.value[x].system","Observation.value[x].system","","","",0,1,"","","Y","uri {[]} {[]}
","System that defines coded unit form","The identification of the system that provides the coded form of the unit.","","Need to know the system that defines the coded form of the unit.","","","","<valueUri xmlns=""http://hl7.org/fhir"" value=""http://unitsofmeasure.org""/>","","","",,,,,"",,,,"Quantity.system",0,1,"qty-3
","ele-1:All FHIR elements must have a @value or children {hasValue() or (children().count() > id.count())}
","(see OBX.6 etc.) / CQ.2","CO.codeSystem, PQ.translation.codeSystem"
"Observation.value[x].code","Observation.value[x].code","","","",0,1,"","","Y","code {[]} {[]}
","Coded form of the unit","A computer processable form of the unit in some unit representation system.","The preferred system is UCUM, but SNOMED CT can also be used (for customary units) or ISO 4217 for currency.  The context of use may additionally require a code from a particular system.","Need a computable form of the unit that is fixed across all forms. UCUM provides this for quantities, but SNOMED CT provides many units of interest.","","","","<valueCode xmlns=""http://hl7.org/fhir"" value=""1/1000000{Neoantigen}""/>","","","",,,,,"",,,,"Quantity.code",0,1,"","ele-1:All FHIR elements must have a @value or children {hasValue() or (children().count() > id.count())}
","(see OBX.6 etc.) / CQ.2","PQ.code, MO.currency, PQ.translation.code"
"Observation.dataAbsentReason","Observation.dataAbsentReason","","","",0,1,"","","","CodeableConcept {[]} {[]}
","Why the result is missing","Provides a reason why the expected value in the element Observation.value[x] is missing.","Null or exceptional values can be represented two ways in FHIR Observations.  One way is to simply include them in the value set and represent the exceptions in the value.  For example, measurement values for a serology test could be  ""detected"", ""not detected"", ""inconclusive"", or  ""specimen unsatisfactory"".   

The alternate way is to use the value element for actual observations and use the explicit dataAbsentReason element to record exceptional values.  For example, the dataAbsentReason code ""error"" could be used when the measurement was not completed. Note that an observation may only be reported if there are values to report. For example differential cell counts values may be reported only when > 0.  Because of these options, use-case agreements are required to interpret general observations for null or exceptional values.","For many results it is necessary to handle exceptional values in measurements.","","","","","","","",,"extensible","Codes specifying why the result (`Observation.value[x]`) is missing.","http://hl7.org/fhir/ValueSet/data-absent-reason","",,,,"Observation.dataAbsentReason",0,1,"obs-6
","ele-1:All FHIR elements must have a @value or children {hasValue() or (children().count() > id.count())}
","N/A","value.nullFlavor"
"Observation.interpretation","Observation.interpretation","","Abnormal Flag
","",0,*,"","","","CodeableConcept {[]} {[]}
","Not used in this profile","Not used in this profile","Historically used for laboratory results (known as 'abnormal flag' ),  its use extends to other use cases where coded interpretations  are relevant.  Often reported as one or more simple compact codes this element is often placed adjacent to the result value in reports and flow sheets to signal the meaning/normalcy status of the result.","For some results, particularly numeric results, an interpretation is necessary to fully understand the significance of a result.","","","","","","","",,"extensible","Codes identifying interpretations of observations.","http://hl7.org/fhir/ValueSet/observation-interpretation","",,,,"Observation.interpretation",0,*,"","ele-1:All FHIR elements must have a @value or children {hasValue() or (children().count() > id.count())}
","< 260245000 |Findings values|","OBX-8","interpretationCode","363713009 |Has interpretation|"
"Observation.note","Observation.note","","","",0,*,"","","","Annotation {[CanonicalType[http://hl7.org/fhir/uv/genomics-reporting/StructureDefinition/coded-annotation]]} {[]}
","Comments about the Observation that also contain a coded type","A  text note which also  contains information about who made the statement and when.","May include general statements about the observation, or statements about significant, unexpected or unreliable results values, or information about its source when relevant to its interpretation.
The CodedAnnotation data type, while not allowing for or intending to make the content computable, does allow the author to indicate the type of note. This does not replace the use of interpretation, value, or component values.
One important note is that Annotation is a FHIR data type, this is **NOT** about annotations in the genomic context.","Need to be able to provide free text additional information. Notes SHALL NOT contain information which can be captured in a structured way.","","","","","","","",,,,,"",,,,"Observation.note",0,*,"ele-1
","ele-1:All FHIR elements must have a @value or children {hasValue() or (children().count() > id.count())}
","N/A","n/a","Act"
"Observation.bodySite","Observation.bodySite","","","",0,1,"","","","CodeableConcept {[]} {[]}
","Not used in this profile","Not used in this profile","Only used if not implicit in code found in Observation.code.  In many systems, this may be represented as a related observation instead of an inline component.   

If the use case requires BodySite to be handled as a separate resource (e.g. to identify and track separately) then use the standard extension[ bodySite](http://hl7.org/fhir/R4/extension-bodysite.html).","","","","","","","","",,"example","Codes describing anatomical locations. May include laterality.","http://hl7.org/fhir/ValueSet/body-site","",,,,"Observation.bodySite",0,1,"","ele-1:All FHIR elements must have a @value or children {hasValue() or (children().count() > id.count())}
","< 123037004 |Body structure|","OBX-20","targetSiteCode","718497002 |Inherent location|"
"Observation.method","Observation.method","","","",0,1,"","","","CodeableConcept {[]} {[]}
","How it was done","Indicates the mechanism used to perform the observation.","Only used if not implicit in code for Observation.code.","In some cases, method can impact results and is thus used for determining whether results can be compared or determining significance of results.","","","","","","","",,"example","Methods for simple observations.","http://hl7.org/fhir/ValueSet/observation-methods","",,,,"Observation.method",0,1,"","ele-1:All FHIR elements must have a @value or children {hasValue() or (children().count() > id.count())}
","OBX-17","methodCode"
"Observation.specimen","Observation.specimen","","","",0,1,"","","","Reference {[]} {[CanonicalType[http://hl7.org/fhir/StructureDefinition/Specimen]]}
","Not used in this profile","Not used in this profile","Should only be used if not implicit in code found in `Observation.code`.  Observations are not made on specimens themselves; they are made on a subject, but in many cases by the means of a specimen. Note that although specimens are often involved, they are not always tracked and reported explicitly. Also note that observation resources may be used in contexts that track the specimen explicitly (e.g. Diagnostic Report).","","","","","","","","",,,,,"",,,,"Observation.specimen",0,1,"","ele-1:All FHIR elements must have a @value or children {hasValue() or (children().count() > id.count())}
","< 123038009 |Specimen|","SPM segment","participation[typeCode=SPC].specimen","704319004 |Inherent in|"
"Observation.device","Observation.device","","","",0,1,"","","","Reference {[]} {[CanonicalType[http://hl7.org/fhir/StructureDefinition/Device], CanonicalType[http://hl7.org/fhir/StructureDefinition/DeviceMetric]]}
","Not used in this profile","Not used in this profile","Note that this is not meant to represent a device involved in the transmission of the result, e.g., a gateway.  Such devices may be documented using the Provenance resource where relevant.","","","","","","","","",,,,,"",,,,"Observation.device",0,1,"","ele-1:All FHIR elements must have a @value or children {hasValue() or (children().count() > id.count())}
","< 49062001 |Device|","OBX-17 / PRT -10","participation[typeCode=DEV]","424226004 |Using device|"
"Observation.referenceRange","Observation.referenceRange","","","",0,*,"","","","BackboneElement {[]} {[]}
","Not used in this profile","Not used in this profile","Most observations only have one generic reference range. Systems MAY choose to restrict to only supplying the relevant reference range based on knowledge about the patient (e.g., specific to the patient's age, gender, weight and other factors), but this might not be possible or appropriate. Whenever more than one reference range is supplied, the differences between them SHOULD be provided in the reference range and/or age properties.","Knowing what values are considered ""normal"" can help evaluate the significance of a particular result. Need to be able to provide multiple reference ranges for different contexts.","","","","","","","",,,,,"",,,,"Observation.referenceRange",0,*,"","ele-1:All FHIR elements must have a @value or children {hasValue() or (children().count() > id.count())}
obs-3:Must have at least a low or a high or text {low.exists() or high.exists() or text.exists()}","OBX.7","outboundRelationship[typeCode=REFV]/target[classCode=OBS, moodCode=EVN]"
"Observation.referenceRange.id","Observation.referenceRange.id","","","",0,1,"","","","string {[]} {[]}
","Unique id for inter-element referencing","Unique id for the element within a resource (for internal references). This may be any string value that does not contain spaces.","","","","","","","","","",,,,,"",,,,"Element.id",0,1,"","","n/a"
"Observation.referenceRange.extension","Observation.referenceRange.extension","","extensions
user content","",0,*,"","","","Extension {[]} {[]}
","Additional content defined by implementations","May be used to represent additional information that is not part of the basic definition of the element. To make the use of extensions safe and manageable, there is a strict set of governance  applied to the definition and use of extensions. Though any implementer can define an extension, there is a set of requirements that SHALL be met as part of the definition of the extension.","There can be no stigma associated with the use of extensions by any application, project, or standard - regardless of the institution or jurisdiction that uses or defines the extensions.  The use of extensions is what allows the FHIR specification to retain a core level of simplicity for everyone.","","","","","","","","",,,,,"",,,,"Element.extension",0,*,"","ele-1:All FHIR elements must have a @value or children {hasValue() or (children().count() > id.count())}
ext-1:Must have either extensions or value[x], not both {extension.exists() != value.exists()}","n/a"
"Observation.referenceRange.modifierExtension","Observation.referenceRange.modifierExtension","","extensions
user contentmodifiers","",0,*,"","Y","Y","Extension {[]} {[]}
","Extensions that cannot be ignored even if unrecognized","May be used to represent additional information that is not part of the basic definition of the element and that modifies the understanding of the element in which it is contained and/or the understanding of the containing element's descendants. Usually modifier elements provide negation or qualification. To make the use of extensions safe and manageable, there is a strict set of governance applied to the definition and use of extensions. Though any implementer can define an extension, there is a set of requirements that SHALL be met as part of the definition of the extension. Applications processing a resource are required to check for modifier extensions.

Modifier extensions SHALL NOT change the meaning of any elements on Resource or DomainResource (including cannot change the meaning of modifierExtension itself).","There can be no stigma associated with the use of extensions by any application, project, or standard - regardless of the institution or jurisdiction that uses or defines the extensions.  The use of extensions is what allows the FHIR specification to retain a core level of simplicity for everyone.","Modifier extensions allow for extensions that *cannot* be safely ignored to be clearly distinguished from the vast majority of extensions which can be safely ignored.  This promotes interoperability by eliminating the need for implementers to prohibit the presence of extensions. For further information, see the [definition of modifier extensions](http://hl7.org/fhir/R4/extensibility.html#modifierExtension).","","","","","","","",,,,,"",,,,"BackboneElement.modifierExtension",0,*,"","ele-1:All FHIR elements must have a @value or children {hasValue() or (children().count() > id.count())}
ext-1:Must have either extensions or value[x], not both {extension.exists() != value.exists()}","N/A"
"Observation.referenceRange.low","Observation.referenceRange.low","","","",0,1,"","","","Quantity {[CanonicalType[http://hl7.org/fhir/StructureDefinition/SimpleQuantity]]} {[]}
","Low Range, if relevant","The value of the low bound of the reference range.  The low bound of the reference range endpoint is inclusive of the value (e.g.  reference range is >=5 - <=9). If the low bound is omitted,  it is assumed to be meaningless (e.g. reference range is <=2.3).","","","","","","","","","",,,,,"",,,,"Observation.referenceRange.low",0,1,"obs-3
","ele-1:All FHIR elements must have a @value or children {hasValue() or (children().count() > id.count())}
","OBX-7","value:IVL_PQ.low"
"Observation.referenceRange.high","Observation.referenceRange.high","","","",0,1,"","","","Quantity {[CanonicalType[http://hl7.org/fhir/StructureDefinition/SimpleQuantity]]} {[]}
","High Range, if relevant","The value of the high bound of the reference range.  The high bound of the reference range endpoint is inclusive of the value (e.g.  reference range is >=5 - <=9). If the high bound is omitted,  it is assumed to be meaningless (e.g. reference range is >= 2.3).","","","","","","","","","",,,,,"",,,,"Observation.referenceRange.high",0,1,"obs-3
","ele-1:All FHIR elements must have a @value or children {hasValue() or (children().count() > id.count())}
","OBX-7","value:IVL_PQ.high"
"Observation.referenceRange.type","Observation.referenceRange.type","","","",0,1,"","","","CodeableConcept {[]} {[]}
","Reference range qualifier","Codes to indicate the what part of the targeted reference population it applies to. For example, the normal or therapeutic range.","This SHOULD be populated if there is more than one range.  If this element is not present then the normal range is assumed.","Need to be able to say what kind of reference range this is - normal, recommended, therapeutic, etc.,  - for proper interpretation.","","","","","","","",,"preferred","Code for the meaning of a reference range.","http://hl7.org/fhir/ValueSet/referencerange-meaning","",,,,"Observation.referenceRange.type",0,1,"","ele-1:All FHIR elements must have a @value or children {hasValue() or (children().count() > id.count())}
","< 260245000 |Findings values| OR  < 365860008 |General clinical state finding| OR < 250171008 |Clinical history or observation findings| OR  < 415229000 |Racial group| OR < 365400002 |Finding of puberty stage| OR< 443938003 |Procedure carried out on subject|","OBX-10","interpretationCode"
"Observation.referenceRange.appliesTo","Observation.referenceRange.appliesTo","","","",0,*,"","","","CodeableConcept {[]} {[]}
","Reference range population","Codes to indicate the target population this reference range applies to.  For example, a reference range may be based on the normal population or a particular sex or race.  Multiple `appliesTo`  are interpreted as an ""AND"" of the target populations.  For example, to represent a target population of African American females, both a code of female and a code for African American would be used.","This SHOULD be populated if there is more than one range.  If this element is not present then the normal population is assumed.","Need to be able to identify the target population for proper interpretation.","","","","","","","",,"example","Codes identifying the population the reference range applies to.","http://hl7.org/fhir/ValueSet/referencerange-appliesto","",,,,"Observation.referenceRange.appliesTo",0,*,"","ele-1:All FHIR elements must have a @value or children {hasValue() or (children().count() > id.count())}
","< 260245000 |Findings values| OR  < 365860008 |General clinical state finding| OR < 250171008 |Clinical history or observation findings| OR  < 415229000 |Racial group| OR < 365400002 |Finding of puberty stage| OR< 443938003 |Procedure carried out on subject|","OBX-10","interpretationCode"
"Observation.referenceRange.age","Observation.referenceRange.age","","","",0,1,"","","","Range {[]} {[]}
","Applicable age range, if relevant","The age at which this reference range is applicable. This is a neonatal age (e.g. number of weeks at term) if the meaning says so.","","Some analytes vary greatly over age.","","","","","","","",,,,,"",,,,"Observation.referenceRange.age",0,1,"","ele-1:All FHIR elements must have a @value or children {hasValue() or (children().count() > id.count())}
","outboundRelationship[typeCode=PRCN].targetObservationCriterion[code=""age""].value"
"Observation.referenceRange.text","Observation.referenceRange.text","","","",0,1,"","","","string {[]} {[]}
","Text based reference range in an observation","Text based reference range in an observation which may be used when a quantitative range is not appropriate for an observation.  An example would be a reference value of ""Negative"" or a list or table of ""normals"".","","","","","","","","","",,,,,"",,,,"Observation.referenceRange.text",0,1,"","ele-1:All FHIR elements must have a @value or children {hasValue() or (children().count() > id.count())}
","OBX-7","value:ST"
"Observation.hasMember","Observation.hasMember","","","",0,*,"","","Y","Reference {[]} {[CanonicalType[http://hl7.org/fhir/StructureDefinition/Observation], CanonicalType[http://hl7.org/fhir/StructureDefinition/QuestionnaireResponse], CanonicalType[http://hl7.org/fhir/StructureDefinition/MolecularSequence]]}
","Not used in this profile","Not used in this profile","When using this element, an observation will typically have either a value or a set of related resources, although both may be present in some cases.  For a discussion on the ways Observations can assembled in groups together, see [Notes](http://hl7.org/fhir/R4/observation.html#obsgrouping) below.  Note that a system may calculate results from [QuestionnaireResponse](http://hl7.org/fhir/R4/questionnaireresponse.html)  into a final score and represent the score as an Observation.","","","","","","","","",,,,,"",,,,"Observation.hasMember",0,*,"","ele-1:All FHIR elements must have a @value or children {hasValue() or (children().count() > id.count())}
","Relationships established by OBX-4 usage","outBoundRelationship"
"Observation.derivedFrom","Observation.derivedFrom","","","",0,*,"","","Y","Reference {[]} {[CanonicalType[http://hl7.org/fhir/StructureDefinition/DocumentReference], CanonicalType[http://hl7.org/fhir/StructureDefinition/ImagingStudy], CanonicalType[http://hl7.org/fhir/StructureDefinition/Media], CanonicalType[http://hl7.org/fhir/StructureDefinition/QuestionnaireResponse], CanonicalType[http://hl7.org/fhir/StructureDefinition/Observation], CanonicalType[http://hl7.org/fhir/StructureDefinition/MolecularSequence]]}
","Related measurements the observation is made from","The target resource that represents a measurement from which this observation value is derived. For example, a calculated anion gap or a fetal measurement based on an ultrasound image.","All the reference choices that are listed in this element can represent clinical observations and other measurements that may be the source for a derived value.  The most common reference will be another Observation.  For a discussion on the ways Observations can assembled in groups together, see [Notes](http://hl7.org/fhir/R4/observation.html#obsgrouping) below.","","","","","","","","",,,,,"",,,,"Observation.derivedFrom",0,*,"","ele-1:All FHIR elements must have a @value or children {hasValue() or (children().count() > id.count())}
","Relationships established by OBX-4 usage",".targetObservation"
"Observation.component","Observation.component","","","",0,*,"","","Y","BackboneElement {[]} {[]}
","Not used in this profile","Not used in this profile","For a discussion on the ways Observations can be assembled in groups together see [Notes](http://hl7.org/fhir/R4/observation.html#notes) below.","Component observations share the same attributes in the Observation resource as the primary observation and are always treated a part of a single observation (they are not separable).   However, the reference range for the primary observation value is not inherited by the component values and is required when appropriate for each component observation.","","","","","","","",,,,,"","pattern:code}
","Slice based on the component.code pattern",,"open","Observation.component",0,*,"","ele-1:All FHIR elements must have a @value or children {hasValue() or (children().count() > id.count())}
","containment by OBX-4?","outBoundRelationship[typeCode=COMP]"
"Observation.component.id","Observation.component.id","","","",0,1,"","","","string {[]} {[]}
","Unique id for inter-element referencing","Unique id for the element within a resource (for internal references). This may be any string value that does not contain spaces.","","","","","","","","","",,,,,"",,,,"Element.id",0,1,"","","n/a"
"Observation.component.extension","Observation.component.extension","","extensions
user content","",0,*,"","","","Extension {[]} {[]}
","Additional content defined by implementations","May be used to represent additional information that is not part of the basic definition of the element. To make the use of extensions safe and manageable, there is a strict set of governance  applied to the definition and use of extensions. Though any implementer can define an extension, there is a set of requirements that SHALL be met as part of the definition of the extension.","There can be no stigma associated with the use of extensions by any application, project, or standard - regardless of the institution or jurisdiction that uses or defines the extensions.  The use of extensions is what allows the FHIR specification to retain a core level of simplicity for everyone.","","","","","","","","",,,,,"",,,,"Element.extension",0,*,"","ele-1:All FHIR elements must have a @value or children {hasValue() or (children().count() > id.count())}
ext-1:Must have either extensions or value[x], not both {extension.exists() != value.exists()}","n/a"
"Observation.component.modifierExtension","Observation.component.modifierExtension","","extensions
user contentmodifiers","",0,*,"","Y","Y","Extension {[]} {[]}
","Extensions that cannot be ignored even if unrecognized","May be used to represent additional information that is not part of the basic definition of the element and that modifies the understanding of the element in which it is contained and/or the understanding of the containing element's descendants. Usually modifier elements provide negation or qualification. To make the use of extensions safe and manageable, there is a strict set of governance applied to the definition and use of extensions. Though any implementer can define an extension, there is a set of requirements that SHALL be met as part of the definition of the extension. Applications processing a resource are required to check for modifier extensions.

Modifier extensions SHALL NOT change the meaning of any elements on Resource or DomainResource (including cannot change the meaning of modifierExtension itself).","There can be no stigma associated with the use of extensions by any application, project, or standard - regardless of the institution or jurisdiction that uses or defines the extensions.  The use of extensions is what allows the FHIR specification to retain a core level of simplicity for everyone.","Modifier extensions allow for extensions that *cannot* be safely ignored to be clearly distinguished from the vast majority of extensions which can be safely ignored.  This promotes interoperability by eliminating the need for implementers to prohibit the presence of extensions. For further information, see the [definition of modifier extensions](http://hl7.org/fhir/R4/extensibility.html#modifierExtension).","","","","","","","",,,,,"",,,,"BackboneElement.modifierExtension",0,*,"","ele-1:All FHIR elements must have a @value or children {hasValue() or (children().count() > id.count())}
ext-1:Must have either extensions or value[x], not both {extension.exists() != value.exists()}","N/A"
"Observation.component.code","Observation.component.code","","","",1,1,"","","Y","CodeableConcept {[]} {[]}
","Type of component observation (code / type)","Describes what was observed. Sometimes this is called the observation ""code"".","*All* code-value and  component.code-component.value pairs need to be taken into account to correctly understand the meaning of the observation.","Knowing what kind of observation is being made is essential to understanding the observation.","","","","","","","",,"example","Codes identifying names of simple observations.","http://hl7.org/fhir/ValueSet/observation-codes","",,,,"Observation.component.code",1,1,"","ele-1:All FHIR elements must have a @value or children {hasValue() or (children().count() > id.count())}
","< 363787002 |Observable entity| OR < 386053000 |Evaluation procedure|","OBX-3","code","FiveWs.what[x]"
"Observation.component.value[x]","Observation.component.value[x]","","","",0,1,"","","Y","Quantity {[]} {[]}
CodeableConcept {[]} {[]}string {[]} {[]}boolean {[]} {[]}integer {[]} {[]}Range {[]} {[]}Ratio {[]} {[]}SampledData {[]} {[]}time {[]} {[]}dateTime {[]} {[]}Period {[]} {[]}","Actual component result","The information determined as a result of making the observation, if the information has a simple value.","Used when observation has a set of component observations. An observation may have both a value (e.g. an  Apgar score)  and component observations (the observations from which the Apgar score was derived). If a value is present, the datatype for this element should be determined by Observation.code. A CodeableConcept with just a text would be used instead of a string if the field was usually coded, or if the type associated with the Observation.code defines a coded value.  For additional guidance, see the [Notes section](http://hl7.org/fhir/R4/observation.html#notes) below.","An observation exists to have a value, though it might not if it is in error, or if it represents a group of observations.","","","","","","","",,,,,"",,,,"Observation.component.value[x]",0,1,"","ele-1:All FHIR elements must have a @value or children {hasValue() or (children().count() > id.count())}
","363714003 |Interprets| < 441742003 |Evaluation finding|","OBX.2, OBX.5, OBX.6","value","363714003 |Interprets|"
"Observation.component.dataAbsentReason","Observation.component.dataAbsentReason","","","",0,1,"","","","CodeableConcept {[]} {[]}
","Why the component result is missing","Provides a reason why the expected value in the element Observation.component.value[x] is missing.","""Null"" or exceptional values can be represented two ways in FHIR Observations.  One way is to simply include them in the value set and represent the exceptions in the value.  For example, measurement values for a serology test could be  ""detected"", ""not detected"", ""inconclusive"", or  ""test not done"". 

The alternate way is to use the value element for actual observations and use the explicit dataAbsentReason element to record exceptional values.  For example, the dataAbsentReason code ""error"" could be used when the measurement was not completed.  Because of these options, use-case agreements are required to interpret general observations for exceptional values.","For many results it is necessary to handle exceptional values in measurements.","","","","","","","",,"extensible","Codes specifying why the result (`Observation.value[x]`) is missing.","http://hl7.org/fhir/ValueSet/data-absent-reason","",,,,"Observation.component.dataAbsentReason",0,1,"obs-6
","ele-1:All FHIR elements must have a @value or children {hasValue() or (children().count() > id.count())}
","N/A","value.nullFlavor"
"Observation.component.interpretation","Observation.component.interpretation","","Abnormal Flag
","",0,*,"","","","CodeableConcept {[]} {[]}
","High, low, normal, etc.","A categorical assessment of an observation value.  For example, high, low, normal.","Historically used for laboratory results (known as 'abnormal flag' ),  its use extends to other use cases where coded interpretations  are relevant.  Often reported as one or more simple compact codes this element is often placed adjacent to the result value in reports and flow sheets to signal the meaning/normalcy status of the result.","For some results, particularly numeric results, an interpretation is necessary to fully understand the significance of a result.","","","","","","","",,"extensible","Codes identifying interpretations of observations.","http://hl7.org/fhir/ValueSet/observation-interpretation","",,,,"Observation.component.interpretation",0,*,"","ele-1:All FHIR elements must have a @value or children {hasValue() or (children().count() > id.count())}
","< 260245000 |Findings values|","OBX-8","interpretationCode","363713009 |Has interpretation|"
"Observation.component.referenceRange","Observation.component.referenceRange","","","",0,*,"","","","null {[]} {[]}
","Provides guide for interpretation of component result","Guidance on how to interpret the value by comparison to a normal or recommended range.","Most observations only have one generic reference range. Systems MAY choose to restrict to only supplying the relevant reference range based on knowledge about the patient (e.g., specific to the patient's age, gender, weight and other factors), but this might not be possible or appropriate. Whenever more than one reference range is supplied, the differences between them SHOULD be provided in the reference range and/or age properties.","Knowing what values are considered ""normal"" can help evaluate the significance of a particular result. Need to be able to provide multiple reference ranges for different contexts.","","","","","","","",,,,,"",,,,"Observation.component.referenceRange",0,*,"","ele-1:All FHIR elements must have a @value or children {hasValue() or (children().count() > id.count())}
","OBX.7","outboundRelationship[typeCode=REFV]/target[classCode=OBS, moodCode=EVN]"
"Observation.component:conclusion-string","Observation.component","conclusion-string","","",0,1,"","","Y","BackboneElement {[]} {[]}
","Clinical Conclusion","Concise and clinically contextualized summary conclusion (interpretation/impression) of the observation","An example would be the interpretative information, typically canned, about a variant identified in the patient.","Need to be able to provide a conclusion that is not lost among the basic result data.","","","","","","","",,,,,"",,,,"Observation.component",0,*,"","ele-1:All FHIR elements must have a @value or children {hasValue() or (children().count() > id.count())}
","containment by OBX-4?","outBoundRelationship[typeCode=COMP]"
"Observation.component:conclusion-string.id","Observation.component.id","","","",0,1,"","","","string {[]} {[]}
","Unique id for inter-element referencing","Unique id for the element within a resource (for internal references). This may be any string value that does not contain spaces.","","","","","","","","","",,,,,"",,,,"Element.id",0,1,"","","n/a"
"Observation.component:conclusion-string.extension","Observation.component.extension","","extensions
user content","",0,*,"","","","Extension {[]} {[]}
","Additional content defined by implementations","May be used to represent additional information that is not part of the basic definition of the element. To make the use of extensions safe and manageable, there is a strict set of governance  applied to the definition and use of extensions. Though any implementer can define an extension, there is a set of requirements that SHALL be met as part of the definition of the extension.","There can be no stigma associated with the use of extensions by any application, project, or standard - regardless of the institution or jurisdiction that uses or defines the extensions.  The use of extensions is what allows the FHIR specification to retain a core level of simplicity for everyone.","","","","","","","","",,,,,"",,,,"Element.extension",0,*,"","ele-1:All FHIR elements must have a @value or children {hasValue() or (children().count() > id.count())}
ext-1:Must have either extensions or value[x], not both {extension.exists() != value.exists()}","n/a"
"Observation.component:conclusion-string.modifierExtension","Observation.component.modifierExtension","","extensions
user contentmodifiers","",0,*,"","Y","Y","Extension {[]} {[]}
","Extensions that cannot be ignored even if unrecognized","May be used to represent additional information that is not part of the basic definition of the element and that modifies the understanding of the element in which it is contained and/or the understanding of the containing element's descendants. Usually modifier elements provide negation or qualification. To make the use of extensions safe and manageable, there is a strict set of governance applied to the definition and use of extensions. Though any implementer can define an extension, there is a set of requirements that SHALL be met as part of the definition of the extension. Applications processing a resource are required to check for modifier extensions.

Modifier extensions SHALL NOT change the meaning of any elements on Resource or DomainResource (including cannot change the meaning of modifierExtension itself).","There can be no stigma associated with the use of extensions by any application, project, or standard - regardless of the institution or jurisdiction that uses or defines the extensions.  The use of extensions is what allows the FHIR specification to retain a core level of simplicity for everyone.","Modifier extensions allow for extensions that *cannot* be safely ignored to be clearly distinguished from the vast majority of extensions which can be safely ignored.  This promotes interoperability by eliminating the need for implementers to prohibit the presence of extensions. For further information, see the [definition of modifier extensions](http://hl7.org/fhir/R4/extensibility.html#modifierExtension).","","","","","","","",,,,,"",,,,"BackboneElement.modifierExtension",0,*,"","ele-1:All FHIR elements must have a @value or children {hasValue() or (children().count() > id.count())}
ext-1:Must have either extensions or value[x], not both {extension.exists() != value.exists()}","N/A"
"Observation.component:conclusion-string.code","Observation.component.code","","","",1,1,"","","Y","CodeableConcept {[]} {[]}
","conclusion-string","Describes what was observed. Sometimes this is called the observation ""code"".","*All* code-value and  component.code-component.value pairs need to be taken into account to correctly understand the meaning of the observation.","Knowing what kind of observation is being made is essential to understanding the observation.","","","","<valueCodeableConcept xmlns=""http://hl7.org/fhir"">
  <coding>
    <system value=""http://hl7.org/fhir/uv/genomics-reporting/CodeSystem/tbd-codes-cs""/>
    <code value=""conclusion-string""/>
  </coding>
</valueCodeableConcept>","","","",,"example","Codes identifying names of simple observations.","http://hl7.org/fhir/ValueSet/observation-codes","",,,,"Observation.component.code",1,1,"","ele-1:All FHIR elements must have a @value or children {hasValue() or (children().count() > id.count())}
","< 363787002 |Observable entity| OR < 386053000 |Evaluation procedure|","OBX-3","code","FiveWs.what[x]"
"Observation.component:conclusion-string.value[x]","Observation.component.value[x]","","","",0,1,"","","Y","string {[]} {[]}
","Summary conclusion (interpretation/impression)","The information determined as a result of making the observation, if the information has a simple value.","Used when observation has a set of component observations. An observation may have both a value (e.g. an  Apgar score)  and component observations (the observations from which the Apgar score was derived). If a value is present, the datatype for this element should be determined by Observation.code. A CodeableConcept with just a text would be used instead of a string if the field was usually coded, or if the type associated with the Observation.code defines a coded value.  For additional guidance, see the [Notes section](http://hl7.org/fhir/R4/observation.html#notes) below.","An observation exists to have a value, though it might not if it is in error, or if it represents a group of observations.","","","","","","","",,,,,"",,,,"Observation.component.value[x]",0,1,"","ele-1:All FHIR elements must have a @value or children {hasValue() or (children().count() > id.count())}
","363714003 |Interprets| < 441742003 |Evaluation finding|","OBX.2, OBX.5, OBX.6","value","363714003 |Interprets|"
"Observation.component:conclusion-string.dataAbsentReason","Observation.component.dataAbsentReason","","","",0,1,"","","","CodeableConcept {[]} {[]}
","Why the component result is missing","Provides a reason why the expected value in the element Observation.component.value[x] is missing.","""Null"" or exceptional values can be represented two ways in FHIR Observations.  One way is to simply include them in the value set and represent the exceptions in the value.  For example, measurement values for a serology test could be  ""detected"", ""not detected"", ""inconclusive"", or  ""test not done"". 

The alternate way is to use the value element for actual observations and use the explicit dataAbsentReason element to record exceptional values.  For example, the dataAbsentReason code ""error"" could be used when the measurement was not completed.  Because of these options, use-case agreements are required to interpret general observations for exceptional values.","For many results it is necessary to handle exceptional values in measurements.","","","","","","","",,"extensible","Codes specifying why the result (`Observation.value[x]`) is missing.","http://hl7.org/fhir/ValueSet/data-absent-reason","",,,,"Observation.component.dataAbsentReason",0,1,"obs-6
","ele-1:All FHIR elements must have a @value or children {hasValue() or (children().count() > id.count())}
","N/A","value.nullFlavor"
"Observation.component:conclusion-string.interpretation","Observation.component.interpretation","","Abnormal Flag
","",0,*,"","","","CodeableConcept {[]} {[]}
","High, low, normal, etc.","A categorical assessment of an observation value.  For example, high, low, normal.","Historically used for laboratory results (known as 'abnormal flag' ),  its use extends to other use cases where coded interpretations  are relevant.  Often reported as one or more simple compact codes this element is often placed adjacent to the result value in reports and flow sheets to signal the meaning/normalcy status of the result.","For some results, particularly numeric results, an interpretation is necessary to fully understand the significance of a result.","","","","","","","",,"extensible","Codes identifying interpretations of observations.","http://hl7.org/fhir/ValueSet/observation-interpretation","",,,,"Observation.component.interpretation",0,*,"","ele-1:All FHIR elements must have a @value or children {hasValue() or (children().count() > id.count())}
","< 260245000 |Findings values|","OBX-8","interpretationCode","363713009 |Has interpretation|"
"Observation.component:conclusion-string.referenceRange","Observation.component.referenceRange","","","",0,*,"","","","null {[]} {[]}
","Provides guide for interpretation of component result","Guidance on how to interpret the value by comparison to a normal or recommended range.","Most observations only have one generic reference range. Systems MAY choose to restrict to only supplying the relevant reference range based on knowledge about the patient (e.g., specific to the patient's age, gender, weight and other factors), but this might not be possible or appropriate. Whenever more than one reference range is supplied, the differences between them SHOULD be provided in the reference range and/or age properties.","Knowing what values are considered ""normal"" can help evaluate the significance of a particular result. Need to be able to provide multiple reference ranges for different contexts.","","","","","","","",,,,,"",,,,"Observation.component.referenceRange",0,*,"","ele-1:All FHIR elements must have a @value or children {hasValue() or (children().count() > id.count())}
","OBX.7","outboundRelationship[typeCode=REFV]/target[classCode=OBS, moodCode=EVN]"
