{
  "package": "onconova.fhir",
  "version": "0.2.0",
  "fhirVersion": "4.0.1",
  "extensions": [
    {
      "url": "http://onconova.github.io/fhir/StructureDefinition/onconova-ext-adverse-event-ctc-grade",
      "title": "CTCAE Grade",
      "types": [
        "integer"
      ]
    },
    {
      "url": "http://onconova.github.io/fhir/StructureDefinition/onconova-ext-adverse-event-mitigation",
      "title": "Adverse Event Mitigation",
      "types": [
        "CodeableConcept",
        "CodeableConcept",
        "CodeableConcept",
        "CodeableConcept",
        "CodeableConcept",
        "base64Binary",
        "boolean",
        "canonical",
        "code",
        "date",
        "dateTime",
        "decimal",
        "id",
        "instant",
        "integer",
        "markdown",
        "oid",
        "positiveInt",
        "string",
        "time",
        "unsignedInt",
        "uri",
        "url",
        "uuid",
        "Address",
        "Age",
        "Annotation",
        "Attachment",
        "CodeableConcept",
        "Coding",
        "ContactPoint",
        "Count",
        "Distance",
        "Duration",
        "HumanName",
        "Identifier",
        "Money",
        "Period",
        "Quantity",
        "Range",
        "Ratio",
        "Reference",
        "SampledData",
        "Signature",
        "Timing",
        "ContactDetail",
        "Contributor",
        "DataRequirement",
        "Expression",
        "ParameterDefinition",
        "RelatedArtifact",
        "TriggerDefinition",
        "UsageContext",
        "Dosage",
        "Meta"
      ]
    },
    {
      "url": "http://onconova.github.io/fhir/StructureDefinition/onconova-ext-cancer-patient-age",
      "title": "Cancer Patient Age",
      "types": [
        "integer"
      ]
    },
    {
      "url": "http://onconova.github.io/fhir/StructureDefinition/onconova-ext-cancer-patient-age-at-diagnosis",
      "title": "Cancer Patient Age at Diagnosis",
      "types": [
        "integer"
      ]
    },
    {
      "url": "http://onconova.github.io/fhir/StructureDefinition/onconova-ext-cancer-patient-cause-of-death",
      "title": "Cancer Patient Cause of Death",
      "types": [
        "CodeableConcept"
      ]
    },
    {
      "url": "http://onconova.github.io/fhir/StructureDefinition/onconova-ext-cancer-patient-consent-status",
      "title": "Cancer Patient Consent status",
      "types": [
        "code"
      ]
    },
    {
      "url": "http://onconova.github.io/fhir/StructureDefinition/onconova-ext-cancer-patient-data-completion-rate",
      "title": "Cancer Patient Data Completion Rate",
      "types": [
        "decimal"
      ]
    },
    {
      "url": "http://onconova.github.io/fhir/StructureDefinition/onconova-ext-cancer-patient-data-contributors",
      "title": "Cancer Patient Data Contributors",
      "types": [
        "Reference"
      ]
    },
    {
      "url": "http://onconova.github.io/fhir/StructureDefinition/onconova-ext-cancer-patient-end-of-records",
      "title": "Cancer Patient End of Records",
      "types": [
        "date"
      ]
    },
    {
      "url": "http://onconova.github.io/fhir/StructureDefinition/onconova-ext-cancer-patient-overall-survival",
      "title": "Cancer Patient Overall Survival",
      "types": [
        "Duration"
      ]
    },
    {
      "url": "http://onconova.github.io/fhir/StructureDefinition/onconova-ext-cancer-patient-vital-status",
      "title": "Cancer Patient Vital status",
      "types": [
        "CodeableConcept"
      ]
    },
    {
      "url": "http://onconova.github.io/fhir/StructureDefinition/onconova-ext-family-history-member-cancer-morphology",
      "title": "Family Member History Cancer Morphology",
      "types": [
        "CodeableConcept"
      ]
    },
    {
      "url": "http://onconova.github.io/fhir/StructureDefinition/onconova-ext-family-history-member-cancer-topography",
      "title": "Family Member History Cancer Topography",
      "types": [
        "CodeableConcept"
      ]
    },
    {
      "url": "http://onconova.github.io/fhir/StructureDefinition/onconova-ext-genomic-variant-assessment-date",
      "title": "Genomic Variant Assessment Date",
      "types": [
        "dateTime"
      ]
    },
    {
      "url": "http://onconova.github.io/fhir/StructureDefinition/onconova-ext-histological-differentiation",
      "title": "Histological Differentiation",
      "types": [
        "CodeableConcept"
      ]
    },
    {
      "url": "http://onconova.github.io/fhir/StructureDefinition/onconova-ext-medication-administration-adjunctive-role",
      "title": "Medication Administration Adjunctive Role",
      "types": [
        "CodeableConcept"
      ]
    },
    {
      "url": "http://onconova.github.io/fhir/StructureDefinition/onconova-ext-medication-administration-combined-with",
      "title": "Medication Administration Combined With",
      "types": [
        "Reference"
      ]
    },
    {
      "url": "http://onconova.github.io/fhir/StructureDefinition/onconova-ext-medication-administration-cycles",
      "title": "Medication Administration Cycles",
      "types": [
        "integer"
      ]
    },
    {
      "url": "http://onconova.github.io/fhir/StructureDefinition/onconova-ext-medication-administration-is-primary-therapy",
      "title": "Medication Administration Is Primary Therapy",
      "types": [
        "boolean"
      ]
    },
    {
      "url": "http://onconova.github.io/fhir/StructureDefinition/onconova-ext-molecular-tumor-board-cup-characterization",
      "title": "Molecular Tumor Board CUP Characterization",
      "types": [
        "boolean",
        "boolean",
        "base64Binary",
        "boolean",
        "canonical",
        "code",
        "date",
        "dateTime",
        "decimal",
        "id",
        "instant",
        "integer",
        "markdown",
        "oid",
        "positiveInt",
        "string",
        "time",
        "unsignedInt",
        "uri",
        "url",
        "uuid",
        "Address",
        "Age",
        "Annotation",
        "Attachment",
        "CodeableConcept",
        "Coding",
        "ContactPoint",
        "Count",
        "Distance",
        "Duration",
        "HumanName",
        "Identifier",
        "Money",
        "Period",
        "Quantity",
        "Range",
        "Ratio",
        "Reference",
        "SampledData",
        "Signature",
        "Timing",
        "ContactDetail",
        "Contributor",
        "DataRequirement",
        "Expression",
        "ParameterDefinition",
        "RelatedArtifact",
        "TriggerDefinition",
        "UsageContext",
        "Dosage",
        "Meta"
      ]
    },
    {
      "url": "http://onconova.github.io/fhir/StructureDefinition/onconova-ext-molecular-tumor-board-molecular-comparison",
      "title": "Molecular Tumor Board Molecular Comparison",
      "types": [
        "boolean",
        "Reference",
        "base64Binary",
        "boolean",
        "canonical",
        "code",
        "date",
        "dateTime",
        "decimal",
        "id",
        "instant",
        "integer",
        "markdown",
        "oid",
        "positiveInt",
        "string",
        "time",
        "unsignedInt",
        "uri",
        "url",
        "uuid",
        "Address",
        "Age",
        "Annotation",
        "Attachment",
        "CodeableConcept",
        "Coding",
        "ContactPoint",
        "Count",
        "Distance",
        "Duration",
        "HumanName",
        "Identifier",
        "Money",
        "Period",
        "Quantity",
        "Range",
        "Ratio",
        "Reference",
        "SampledData",
        "Signature",
        "Timing",
        "ContactDetail",
        "Contributor",
        "DataRequirement",
        "Expression",
        "ParameterDefinition",
        "RelatedArtifact",
        "TriggerDefinition",
        "UsageContext",
        "Dosage",
        "Meta"
      ]
    },
    {
      "url": "http://onconova.github.io/fhir/StructureDefinition/onconova-ext-molecular-tumor-board-therapeutic-recommendation",
      "title": "Molecular Tumor Board Therapeutic Recommendation",
      "types": [
        "string",
        "CodeableConcept",
        "Reference",
        "CodeableConcept",
        "boolean",
        "boolean",
        "base64Binary",
        "boolean",
        "canonical",
        "code",
        "date",
        "dateTime",
        "decimal",
        "id",
        "instant",
        "integer",
        "markdown",
        "oid",
        "positiveInt",
        "string",
        "time",
        "unsignedInt",
        "uri",
        "url",
        "uuid",
        "Address",
        "Age",
        "Annotation",
        "Attachment",
        "CodeableConcept",
        "Coding",
        "ContactPoint",
        "Count",
        "Distance",
        "Duration",
        "HumanName",
        "Identifier",
        "Money",
        "Period",
        "Quantity",
        "Range",
        "Ratio",
        "Reference",
        "SampledData",
        "Signature",
        "Timing",
        "ContactDetail",
        "Contributor",
        "DataRequirement",
        "Expression",
        "ParameterDefinition",
        "RelatedArtifact",
        "TriggerDefinition",
        "UsageContext",
        "Dosage",
        "Meta"
      ]
    },
    {
      "url": "http://onconova.github.io/fhir/StructureDefinition/onconova-ext-primary-cancer-recurrence-of",
      "title": "Primary Cancer Recurrence Of",
      "types": [
        "Reference"
      ]
    },
    {
      "url": "http://onconova.github.io/fhir/StructureDefinition/onconova-ext-primary-cancer-recurrence-type",
      "title": "Primary Cancer Recurrence Type",
      "types": [
        "CodeableConcept"
      ]
    },
    {
      "url": "http://onconova.github.io/fhir/StructureDefinition/onconova-ext-risk-assessment-score",
      "title": "Risk Assessment Score",
      "types": [
        "decimal",
        "integer"
      ]
    },
    {
      "url": "http://onconova.github.io/fhir/StructureDefinition/onconova-ext-therapy-line-intent",
      "title": "Therapy Line Intent",
      "types": [
        "CodeableConcept"
      ]
    },
    {
      "url": "http://onconova.github.io/fhir/StructureDefinition/onconova-ext-therapy-line-number",
      "title": "Therapy Line Number",
      "types": [
        "positiveInt"
      ]
    },
    {
      "url": "http://onconova.github.io/fhir/StructureDefinition/onconova-ext-therapy-line-period",
      "title": "Therapy Line Period",
      "types": [
        "Period"
      ]
    },
    {
      "url": "http://onconova.github.io/fhir/StructureDefinition/onconova-ext-therapy-line-progression-date",
      "title": "Therapy Line Progression Date",
      "types": [
        "date"
      ]
    },
    {
      "url": "http://onconova.github.io/fhir/StructureDefinition/onconova-ext-therapy-line-progression-free-survival",
      "title": "Therapy Line Progression-Free Survival",
      "types": [
        "Duration"
      ]
    },
    {
      "url": "http://onconova.github.io/fhir/StructureDefinition/onconova-ext-therapy-line-reference",
      "title": "Therapy Line Reference",
      "types": [
        "Reference"
      ]
    },
    {
      "url": "http://onconova.github.io/fhir/StructureDefinition/onconova-ext-treatment-response-recist-is-interpreted",
      "title": "Treatment Response RECIST Is Interpreted",
      "types": [
        "boolean"
      ]
    },
    {
      "url": "http://onconova.github.io/fhir/StructureDefinition/onconova-ext-tumor-board-specialization",
      "title": "Tumor Board Specialization",
      "types": [
        "CodeableConcept"
      ]
    },
    {
      "url": "http://onconova.github.io/fhir/StructureDefinition/onconova-ext-tumor-marker-analyte",
      "title": "Tumor Marker Analyte",
      "types": [
        "CodeableConcept"
      ]
    }
  ],
  "profiles": {
    "AdverseEvent": [
      {
        "url": "http://onconova.github.io/fhir/StructureDefinition/onconova-adverse-event",
        "title": "Adverse Event Profile"
      }
    ],
    "Observation": [
      {
        "url": "http://onconova.github.io/fhir/StructureDefinition/onconova-tumor-marker",
        "title": "Tumor Marker Profile"
      },
      {
        "url": "http://onconova.github.io/fhir/StructureDefinition/onconova-tumor-mutational-burden",
        "title": "Tumor Mutational Burden Profile"
      },
      {
        "url": "http://onconova.github.io/fhir/StructureDefinition/onconova-tumor-neoantigen-burden",
        "title": "Tumor Neoantigen Burden Profile"
      }
    ],
    "FamilyMemberHistory": [
      {
        "url": "http://onconova.github.io/fhir/StructureDefinition/onconova-cancer-family-member-history",
        "title": "Cancer Family Member History Profile"
      }
    ],
    "Patient": [
      {
        "url": "http://onconova.github.io/fhir/StructureDefinition/onconova-cancer-patient",
        "title": "Cancer Patient Profile"
      }
    ],
    "MedicationAdministration": [
      {
        "url": "http://onconova.github.io/fhir/StructureDefinition/onconova-medication-administration",
        "title": "Medication Administration Profile"
      }
    ],
    "Procedure": [
      {
        "url": "http://onconova.github.io/fhir/StructureDefinition/onconova-tumor-board-review",
        "title": "Tumor Board Review Profile"
      }
    ],
    "Condition": [
      {
        "url": "http://onconova.github.io/fhir/StructureDefinition/onconova-secondary-cancer-condition",
        "title": "Secondary Cancer Condition Profile"
      }
    ],
    "List": [
      {
        "url": "http://onconova.github.io/fhir/StructureDefinition/onconova-therapy-line",
        "title": "Therapy Line Profile"
      }
    ]
  },
  "usage": {
    "http://hl7.org/fhir/5.0/StructureDefinition/extension-ActorDefinition.contact": [
      "Basic"
    ],
    "http://hl7.org/fhir/5.0/StructureDefinition/extension-ActorDefinition.date": [
      "Basic"
    ],
    "http://hl7.org/fhir/5.0/StructureDefinition/extension-ActorDefinition.description": [
      "Basic"
    ],
    "http://hl7.org/fhir/5.0/StructureDefinition/extension-ActorDefinition.jurisdiction": [
      "Basic"
    ],
    "http://hl7.org/fhir/5.0/StructureDefinition/extension-ActorDefinition.publisher": [
      "Basic"
    ],
    "http://hl7.org/fhir/5.0/StructureDefinition/extension-ActorDefinition.status": [
      "Basic"
    ],
    "http://hl7.org/fhir/5.0/StructureDefinition/extension-ActorDefinition.title": [
      "Basic"
    ],
    "http://hl7.org/fhir/5.0/StructureDefinition/extension-ActorDefinition.type": [
      "Basic"
    ],
    "http://hl7.org/fhir/5.0/StructureDefinition/extension-ActorDefinition.url": [
      "Basic"
    ],
    "http://hl7.org/fhir/5.0/StructureDefinition/extension-ActorDefinition.version": [
      "Basic"
    ],
    "http://hl7.org/fhir/StructureDefinition/bodySite": [
      "Observation"
    ],
    "http://hl7.org/fhir/StructureDefinition/capabilitystatement-expectation": [
      "CapabilityStatement.rest.operation"
    ],
    "http://hl7.org/fhir/StructureDefinition/condition-assertedDate": [
      "Condition"
    ],
    "http://hl7.org/fhir/StructureDefinition/condition-related": [
      "Condition"
    ],
    "http://hl7.org/fhir/StructureDefinition/data-absent-reason": [
      "Patient.name"
    ],
    "http://hl7.org/fhir/StructureDefinition/elementdefinition-bestpractice": [
      "StructureDefinition.snapshot.element.constraint"
    ],
    "http://hl7.org/fhir/StructureDefinition/elementdefinition-bestpractice-explanation": [
      "StructureDefinition.snapshot.element.constraint"
    ],
    "http://hl7.org/fhir/StructureDefinition/elementdefinition-bindingName": [
      "StructureDefinition.snapshot.element.binding"
    ],
    "http://hl7.org/fhir/StructureDefinition/elementdefinition-maxValueSet": [
      "StructureDefinition.snapshot.element.binding"
    ],
    "http://hl7.org/fhir/StructureDefinition/elementdefinition-translatable": [
      "StructureDefinition.snapshot.element"
    ],
    "http://hl7.org/fhir/StructureDefinition/elementdefinition-type-must-support": [
      "StructureDefinition.differential.element.type",
      "StructureDefinition.snapshot.element.type",
      "StructureDefinition.snapshot.element.type.targetProfile"
    ],
    "http://hl7.org/fhir/StructureDefinition/obligation": [
      "StructureDefinition.differential.element",
      "StructureDefinition.snapshot.element"
    ],
    "http://hl7.org/fhir/StructureDefinition/observation-secondaryFinding": [
      "Observation"
    ],
    "http://hl7.org/fhir/StructureDefinition/regex": [
      "StructureDefinition.snapshot.element.type"
    ],
    "http://hl7.org/fhir/StructureDefinition/structuredefinition-display-hint": [
      "StructureDefinition.snapshot.element"
    ],
    "http://hl7.org/fhir/StructureDefinition/structuredefinition-fhir-type": [
      "StructureDefinition.snapshot.element.type"
    ],
    "http://hl7.org/fhir/StructureDefinition/structuredefinition-hierarchy": [
      "StructureDefinition.snapshot.element.type"
    ],
    "http://hl7.org/fhir/tools/StructureDefinition/ig-internal-dependency": [
      "ImplementationGuide.definition"
    ],
    "http://hl7.org/fhir/tools/StructureDefinition/ig-page-name": [
      "ImplementationGuide.definition.page",
      "ImplementationGuide.definition.page.page"
    ],
    "http://hl7.org/fhir/tools/StructureDefinition/ig-parameter": [
      "ImplementationGuide.definition"
    ],
    "http://hl7.org/fhir/tools/StructureDefinition/implementationguide-dependency-comment": [
      "ImplementationGuide.dependsOn"
    ],
    "http://hl7.org/fhir/tools/StructureDefinition/resource-information": [
      "ImplementationGuide.definition.resource"
    ],
    "http://hl7.org/fhir/tools/StructureDefinition/snapshot-base-version": [
      "StructureDefinition.snapshot"
    ],
    "http://hl7.org/fhir/us/core/StructureDefinition/us-core-birthsex": [
      "Patient"
    ],
    "http://hl7.org/fhir/us/core/StructureDefinition/us-core-ethnicity": [
      "Patient"
    ],
    "http://hl7.org/fhir/us/core/StructureDefinition/us-core-genderIdentity": [
      "Patient"
    ],
    "http://hl7.org/fhir/us/core/StructureDefinition/us-core-race": [
      "Patient"
    ],
    "http://hl7.org/fhir/us/core/StructureDefinition/us-core-sex": [
      "Patient"
    ],
    "http://hl7.org/fhir/us/core/StructureDefinition/us-core-tribal-affiliation": [
      "Patient"
    ],
    "http://hl7.org/fhir/us/core/StructureDefinition/uscdi-requirement": [
      "StructureDefinition.differential.element",
      "StructureDefinition.snapshot.element"
    ],
    "http://hl7.org/fhir/us/mcode/StructureDefinition/mcode-body-location-qualifier": [
      "Condition.bodySite",
      "Procedure.bodySite"
    ],
    "http://hl7.org/fhir/us/mcode/StructureDefinition/mcode-cancer-disease-status-evidence-type": [
      "Observation"
    ],
    "http://hl7.org/fhir/us/mcode/StructureDefinition/mcode-histology-morphology-behavior": [
      "Condition"
    ],
    "http://hl7.org/fhir/us/mcode/StructureDefinition/mcode-laterality-qualifier": [
      "Condition.bodySite",
      "Procedure.bodySite"
    ],
    "http://hl7.org/fhir/us/mcode/StructureDefinition/mcode-normalization-basis": [
      "MedicationAdministration"
    ],
    "http://hl7.org/fhir/us/mcode/StructureDefinition/mcode-procedure-intent": [
      "MedicationAdministration",
      "Procedure"
    ],
    "http://hl7.org/fhir/us/mcode/StructureDefinition/mcode-radiotherapy-dose-delivered-to-volume": [
      "Procedure"
    ],
    "http://hl7.org/fhir/us/mcode/StructureDefinition/mcode-radiotherapy-modality-and-technique": [
      "Procedure"
    ],
    "http://hl7.org/fhir/us/mcode/StructureDefinition/mcode-radiotherapy-sessions": [
      "Procedure"
    ],
    "http://hl7.org/fhir/us/mcode/StructureDefinition/mcode-related-condition": [
      "Observation"
    ],
    "http://hl7.org/fhir/us/mcode/StructureDefinition/mcode-related-condition-absent": [
      "Observation"
    ],
    "http://hl7.org/fhir/us/mcode/StructureDefinition/mcode-treatment-termination-reason": [
      "Procedure"
    ],
    "http://onconova.github.io/fhir/StructureDefinition/onconova-ext-adverse-event-ctc-grade": [
      "AdverseEvent"
    ],
    "http://onconova.github.io/fhir/StructureDefinition/onconova-ext-adverse-event-mitigation": [
      "AdverseEvent"
    ],
    "http://onconova.github.io/fhir/StructureDefinition/onconova-ext-cancer-patient-age": [
      "Patient.birthDate"
    ],
    "http://onconova.github.io/fhir/StructureDefinition/onconova-ext-cancer-patient-age-at-diagnosis": [
      "Patient.birthDate"
    ],
    "http://onconova.github.io/fhir/StructureDefinition/onconova-ext-cancer-patient-cause-of-death": [
      "Patient.deceased[x]"
    ],
    "http://onconova.github.io/fhir/StructureDefinition/onconova-ext-cancer-patient-consent-status": [
      "Patient"
    ],
    "http://onconova.github.io/fhir/StructureDefinition/onconova-ext-cancer-patient-data-completion-rate": [
      "Patient"
    ],
    "http://onconova.github.io/fhir/StructureDefinition/onconova-ext-cancer-patient-data-contributors": [
      "Patient"
    ],
    "http://onconova.github.io/fhir/StructureDefinition/onconova-ext-cancer-patient-end-of-records": [
      "Patient"
    ],
    "http://onconova.github.io/fhir/StructureDefinition/onconova-ext-cancer-patient-overall-survival": [
      "Patient"
    ],
    "http://onconova.github.io/fhir/StructureDefinition/onconova-ext-cancer-patient-vital-status": [
      "Patient.deceased[x]"
    ],
    "http://onconova.github.io/fhir/StructureDefinition/onconova-ext-family-history-member-cancer-morphology": [
      "FamilyMemberHistory.condition"
    ],
    "http://onconova.github.io/fhir/StructureDefinition/onconova-ext-family-history-member-cancer-topography": [
      "FamilyMemberHistory.condition"
    ],
    "http://onconova.github.io/fhir/StructureDefinition/onconova-ext-genomic-variant-assessment-date": [
      "Observation"
    ],
    "http://onconova.github.io/fhir/StructureDefinition/onconova-ext-histological-differentiation": [
      "Condition"
    ],
    "http://onconova.github.io/fhir/StructureDefinition/onconova-ext-medication-administration-adjunctive-role": [
      "MedicationAdministration"
    ],
    "http://onconova.github.io/fhir/StructureDefinition/onconova-ext-medication-administration-combined-with": [
      "MedicationAdministration"
    ],
    "http://onconova.github.io/fhir/StructureDefinition/onconova-ext-medication-administration-cycles": [
      "MedicationAdministration"
    ],
    "http://onconova.github.io/fhir/StructureDefinition/onconova-ext-medication-administration-is-primary-therapy": [
      "MedicationAdministration"
    ],
    "http://onconova.github.io/fhir/StructureDefinition/onconova-ext-molecular-tumor-board-cup-characterization": [
      "Procedure"
    ],
    "http://onconova.github.io/fhir/StructureDefinition/onconova-ext-molecular-tumor-board-molecular-comparison": [
      "Procedure"
    ],
    "http://onconova.github.io/fhir/StructureDefinition/onconova-ext-molecular-tumor-board-therapeutic-recommendation": [
      "Procedure"
    ],
    "http://onconova.github.io/fhir/StructureDefinition/onconova-ext-primary-cancer-recurrence-of": [
      "Condition.clinicalStatus"
    ],
    "http://onconova.github.io/fhir/StructureDefinition/onconova-ext-primary-cancer-recurrence-type": [
      "Condition.clinicalStatus"
    ],
    "http://onconova.github.io/fhir/StructureDefinition/onconova-ext-risk-assessment-score": [
      "Observation"
    ],
    "http://onconova.github.io/fhir/StructureDefinition/onconova-ext-therapy-line-intent": [
      "List"
    ],
    "http://onconova.github.io/fhir/StructureDefinition/onconova-ext-therapy-line-number": [
      "List"
    ],
    "http://onconova.github.io/fhir/StructureDefinition/onconova-ext-therapy-line-period": [
      "List"
    ],
    "http://onconova.github.io/fhir/StructureDefinition/onconova-ext-therapy-line-progression-date": [
      "List"
    ],
    "http://onconova.github.io/fhir/StructureDefinition/onconova-ext-therapy-line-progression-free-survival": [
      "List"
    ],
    "http://onconova.github.io/fhir/StructureDefinition/onconova-ext-therapy-line-reference": [
      "MedicationAdministration",
      "Procedure"
    ],
    "http://onconova.github.io/fhir/StructureDefinition/onconova-ext-tumor-board-specialization": [
      "Procedure.code"
    ],
    "http://onconova.github.io/fhir/StructureDefinition/onconova-ext-tumor-marker-analyte": [
      "Observation.code"
    ]
  }
}