{
  "package": "onconova.fhir",
  "version": "0.2.0",
  "fhirVersion": "4.0.1",
  "extensions": [
    {
      "url": "http://onconova.github.io/fhir/StructureDefinition/ext-therapy-line-reference",
      "title": "Therapy Line Reference",
      "types": [
        "Reference"
      ]
    },
    {
      "url": "http://onconova.github.io/fhir/StructureDefinition/onconova-ext-adjunctive-role",
      "title": "Adjunctive Role",
      "types": [
        "CodeableConcept"
      ]
    },
    {
      "url": "http://onconova.github.io/fhir/StructureDefinition/onconova-ext-adverse-event-mitigation",
      "title": "Adverse Event Mitigation",
      "types": [
        "CodeableConcept",
        "CodeableConcept",
        "CodeableConcept",
        "CodeableConcept",
        "CodeableConcept",
        "base64Binary",
        "boolean",
        "canonical",
        "code",
        "date",
        "dateTime",
        "decimal",
        "id",
        "instant",
        "integer",
        "markdown",
        "oid",
        "positiveInt",
        "string",
        "time",
        "unsignedInt",
        "uri",
        "url",
        "uuid",
        "Address",
        "Age",
        "Annotation",
        "Attachment",
        "CodeableConcept",
        "Coding",
        "ContactPoint",
        "Count",
        "Distance",
        "Duration",
        "HumanName",
        "Identifier",
        "Money",
        "Period",
        "Quantity",
        "Range",
        "Ratio",
        "Reference",
        "SampledData",
        "Signature",
        "Timing",
        "ContactDetail",
        "Contributor",
        "DataRequirement",
        "Expression",
        "ParameterDefinition",
        "RelatedArtifact",
        "TriggerDefinition",
        "UsageContext",
        "Dosage",
        "Meta"
      ]
    },
    {
      "url": "http://onconova.github.io/fhir/StructureDefinition/onconova-ext-age",
      "title": "Age",
      "types": [
        "integer"
      ]
    },
    {
      "url": "http://onconova.github.io/fhir/StructureDefinition/onconova-ext-age-at-diagnosis",
      "title": "Age at Diagnosis",
      "types": [
        "integer"
      ]
    },
    {
      "url": "http://onconova.github.io/fhir/StructureDefinition/onconova-ext-cancer-morphology",
      "title": "Cancer Morphology",
      "types": [
        "CodeableConcept"
      ]
    },
    {
      "url": "http://onconova.github.io/fhir/StructureDefinition/onconova-ext-cancer-topography",
      "title": "Cancer Topography",
      "types": [
        "CodeableConcept"
      ]
    },
    {
      "url": "http://onconova.github.io/fhir/StructureDefinition/onconova-ext-cause-of-death",
      "title": "Cause of Death",
      "types": [
        "CodeableConcept"
      ]
    },
    {
      "url": "http://onconova.github.io/fhir/StructureDefinition/onconova-ext-combined-with",
      "title": "Combined With",
      "types": [
        "Reference"
      ]
    },
    {
      "url": "http://onconova.github.io/fhir/StructureDefinition/onconova-ext-consent-status",
      "title": "Consent status",
      "types": [
        "code"
      ]
    },
    {
      "url": "http://onconova.github.io/fhir/StructureDefinition/onconova-ext-contributors",
      "title": "Contributors",
      "types": [
        "Reference"
      ]
    },
    {
      "url": "http://onconova.github.io/fhir/StructureDefinition/onconova-ext-ctc-grade",
      "title": "CTCAE Grade",
      "types": [
        "integer"
      ]
    },
    {
      "url": "http://onconova.github.io/fhir/StructureDefinition/onconova-ext-cycles",
      "title": "Cycles",
      "types": [
        "integer"
      ]
    },
    {
      "url": "http://onconova.github.io/fhir/StructureDefinition/onconova-ext-data-completion-rate",
      "title": "Data Completion Rate",
      "types": [
        "decimal"
      ]
    },
    {
      "url": "http://onconova.github.io/fhir/StructureDefinition/onconova-ext-differentiation",
      "title": "Recurrence Type",
      "types": [
        "CodeableConcept"
      ]
    },
    {
      "url": "http://onconova.github.io/fhir/StructureDefinition/onconova-ext-end-of-records",
      "title": "End of Records",
      "types": [
        "date"
      ]
    },
    {
      "url": "http://onconova.github.io/fhir/StructureDefinition/onconova-ext-gene-panel",
      "title": "Gene Panel",
      "types": [
        "string"
      ]
    },
    {
      "url": "http://onconova.github.io/fhir/StructureDefinition/onconova-ext-hgvs-version",
      "title": "HGVS Version",
      "types": [
        "string"
      ]
    },
    {
      "url": "http://onconova.github.io/fhir/StructureDefinition/onconova-ext-is-primary-therapy",
      "title": "Is Primary Therapy",
      "types": [
        "boolean"
      ]
    },
    {
      "url": "http://onconova.github.io/fhir/StructureDefinition/onconova-ext-molecular-tumor-board-cup-characterization",
      "title": "Molecular Tumor Board CUP Characterization",
      "types": [
        "boolean",
        "boolean",
        "base64Binary",
        "boolean",
        "canonical",
        "code",
        "date",
        "dateTime",
        "decimal",
        "id",
        "instant",
        "integer",
        "markdown",
        "oid",
        "positiveInt",
        "string",
        "time",
        "unsignedInt",
        "uri",
        "url",
        "uuid",
        "Address",
        "Age",
        "Annotation",
        "Attachment",
        "CodeableConcept",
        "Coding",
        "ContactPoint",
        "Count",
        "Distance",
        "Duration",
        "HumanName",
        "Identifier",
        "Money",
        "Period",
        "Quantity",
        "Range",
        "Ratio",
        "Reference",
        "SampledData",
        "Signature",
        "Timing",
        "ContactDetail",
        "Contributor",
        "DataRequirement",
        "Expression",
        "ParameterDefinition",
        "RelatedArtifact",
        "TriggerDefinition",
        "UsageContext",
        "Dosage",
        "Meta"
      ]
    },
    {
      "url": "http://onconova.github.io/fhir/StructureDefinition/onconova-ext-molecular-tumor-board-molecular-comparison",
      "title": "Molecular Tumor Board Molecular Comparison",
      "types": [
        "boolean",
        "Reference",
        "base64Binary",
        "boolean",
        "canonical",
        "code",
        "date",
        "dateTime",
        "decimal",
        "id",
        "instant",
        "integer",
        "markdown",
        "oid",
        "positiveInt",
        "string",
        "time",
        "unsignedInt",
        "uri",
        "url",
        "uuid",
        "Address",
        "Age",
        "Annotation",
        "Attachment",
        "CodeableConcept",
        "Coding",
        "ContactPoint",
        "Count",
        "Distance",
        "Duration",
        "HumanName",
        "Identifier",
        "Money",
        "Period",
        "Quantity",
        "Range",
        "Ratio",
        "Reference",
        "SampledData",
        "Signature",
        "Timing",
        "ContactDetail",
        "Contributor",
        "DataRequirement",
        "Expression",
        "ParameterDefinition",
        "RelatedArtifact",
        "TriggerDefinition",
        "UsageContext",
        "Dosage",
        "Meta"
      ]
    },
    {
      "url": "http://onconova.github.io/fhir/StructureDefinition/onconova-ext-molecular-tumor-board-therapeutic-recommendation",
      "title": "Molecular Tumor Board Therapeutic Recommendation",
      "types": [
        "string",
        "CodeableConcept",
        "Reference",
        "CodeableConcept",
        "boolean",
        "boolean",
        "base64Binary",
        "boolean",
        "canonical",
        "code",
        "date",
        "dateTime",
        "decimal",
        "id",
        "instant",
        "integer",
        "markdown",
        "oid",
        "positiveInt",
        "string",
        "time",
        "unsignedInt",
        "uri",
        "url",
        "uuid",
        "Address",
        "Age",
        "Annotation",
        "Attachment",
        "CodeableConcept",
        "Coding",
        "ContactPoint",
        "Count",
        "Distance",
        "Duration",
        "HumanName",
        "Identifier",
        "Money",
        "Period",
        "Quantity",
        "Range",
        "Ratio",
        "Reference",
        "SampledData",
        "Signature",
        "Timing",
        "ContactDetail",
        "Contributor",
        "DataRequirement",
        "Expression",
        "ParameterDefinition",
        "RelatedArtifact",
        "TriggerDefinition",
        "UsageContext",
        "Dosage",
        "Meta"
      ]
    },
    {
      "url": "http://onconova.github.io/fhir/StructureDefinition/onconova-ext-overall-survival",
      "title": "Overall Survival",
      "types": [
        "Duration"
      ]
    },
    {
      "url": "http://onconova.github.io/fhir/StructureDefinition/onconova-ext-recist-is-interpreted",
      "title": "Recist Is Interpreted",
      "types": [
        "boolean"
      ]
    },
    {
      "url": "http://onconova.github.io/fhir/StructureDefinition/onconova-ext-recurrence-of",
      "title": "Recurrence Of",
      "types": [
        "Reference"
      ]
    },
    {
      "url": "http://onconova.github.io/fhir/StructureDefinition/onconova-ext-recurrence-type",
      "title": "Recurrence Type",
      "types": [
        "CodeableConcept"
      ]
    },
    {
      "url": "http://onconova.github.io/fhir/StructureDefinition/onconova-ext-risk-assessment-score",
      "title": "Risk Assessment Score",
      "types": [
        "decimal",
        "integer"
      ]
    },
    {
      "url": "http://onconova.github.io/fhir/StructureDefinition/onconova-ext-therapy-line-intent",
      "title": "Therapy Line Intent",
      "types": [
        "CodeableConcept"
      ]
    },
    {
      "url": "http://onconova.github.io/fhir/StructureDefinition/onconova-ext-therapy-line-number",
      "title": "Therapy Line Number",
      "types": [
        "positiveInt"
      ]
    },
    {
      "url": "http://onconova.github.io/fhir/StructureDefinition/onconova-ext-therapy-line-period",
      "title": "Therapy Line Period",
      "types": [
        "Period"
      ]
    },
    {
      "url": "http://onconova.github.io/fhir/StructureDefinition/onconova-ext-therapy-line-progression-date",
      "title": "Therapy Line Progression Date",
      "types": [
        "date"
      ]
    },
    {
      "url": "http://onconova.github.io/fhir/StructureDefinition/onconova-ext-therapy-line-progression-free-survival",
      "title": "Therapy Line Progression-Free Survival",
      "types": [
        "Duration"
      ]
    },
    {
      "url": "http://onconova.github.io/fhir/StructureDefinition/onconova-ext-tumor-board-specialization",
      "title": "Tumor Board Specialization",
      "types": [
        "CodeableConcept"
      ]
    },
    {
      "url": "http://onconova.github.io/fhir/StructureDefinition/onconova-ext-tumor-marker-analyte",
      "title": "Tumor Marker Analyte",
      "types": [
        "CodeableConcept"
      ]
    },
    {
      "url": "http://onconova.github.io/fhir/StructureDefinition/onconova-ext-unknown-entry",
      "title": "Unknown Entry",
      "types": [
        "code"
      ]
    },
    {
      "url": "http://onconova.github.io/fhir/StructureDefinition/onconova-ext-vital-status",
      "title": "Vital status",
      "types": [
        "CodeableConcept"
      ]
    }
  ],
  "profiles": {
    "Observation": [
      {
        "url": "http://onconova.github.io/fhir/StructureDefinition/onconova-tumor-marker",
        "title": "Tumor Marker Profile"
      },
      {
        "url": "http://onconova.github.io/fhir/StructureDefinition/onconova-tumor-mutational-burden",
        "title": "Tumor Mutational Burden Profile"
      },
      {
        "url": "http://onconova.github.io/fhir/StructureDefinition/onconova-tumor-neoantigen-burden",
        "title": "Tumor Neoantigen Burden Profile"
      },
      {
        "url": "http://onconova.github.io/fhir/StructureDefinition/onconova-venous-invasion-category",
        "title": "Venous Invasion Category"
      }
    ],
    "AdverseEvent": [
      {
        "url": "http://onconova.github.io/fhir/StructureDefinition/onconova-adverse-event",
        "title": "Adverse Event Profile"
      }
    ],
    "FamilyMemberHistory": [
      {
        "url": "http://onconova.github.io/fhir/StructureDefinition/onconova-cancer-family-member-history",
        "title": "Cancer Family Member History"
      }
    ],
    "Patient": [
      {
        "url": "http://onconova.github.io/fhir/StructureDefinition/onconova-cancer-patient",
        "title": "Cancer Patient Profile"
      }
    ],
    "MedicationAdministration": [
      {
        "url": "http://onconova.github.io/fhir/StructureDefinition/onconova-medication-administration",
        "title": "Medication Administration Profile"
      }
    ],
    "Procedure": [
      {
        "url": "http://onconova.github.io/fhir/StructureDefinition/onconova-tumor-board-review",
        "title": "Tumor Board Review"
      }
    ],
    "Condition": [
      {
        "url": "http://onconova.github.io/fhir/StructureDefinition/onconova-secondary-cancer-condition",
        "title": "Secondary Cancer Condition Profile"
      }
    ],
    "List": [
      {
        "url": "http://onconova.github.io/fhir/StructureDefinition/onconova-therapy-line",
        "title": "Therapy Line Profile"
      }
    ]
  },
  "usage": {
    "http://hl7.org/fhir/StructureDefinition/bodySite|5.2.0": [
      "Observation"
    ],
    "http://hl7.org/fhir/StructureDefinition/capabilitystatement-expectation": [
      "CapabilityStatement.rest.operation"
    ],
    "http://hl7.org/fhir/StructureDefinition/condition-assertedDate|5.2.0": [
      "Condition"
    ],
    "http://hl7.org/fhir/StructureDefinition/condition-related|5.2.0": [
      "Condition"
    ],
    "http://hl7.org/fhir/StructureDefinition/data-absent-reason|5.2.0": [
      "Patient.name"
    ],
    "http://hl7.org/fhir/StructureDefinition/elementdefinition-bestpractice": [
      "StructureDefinition.snapshot.element.constraint"
    ],
    "http://hl7.org/fhir/StructureDefinition/elementdefinition-bestpractice-explanation": [
      "StructureDefinition.snapshot.element.constraint"
    ],
    "http://hl7.org/fhir/StructureDefinition/elementdefinition-bindingName": [
      "StructureDefinition.snapshot.element.binding"
    ],
    "http://hl7.org/fhir/StructureDefinition/elementdefinition-maxValueSet": [
      "StructureDefinition.snapshot.element.binding"
    ],
    "http://hl7.org/fhir/StructureDefinition/elementdefinition-translatable": [
      "StructureDefinition.snapshot.element"
    ],
    "http://hl7.org/fhir/StructureDefinition/elementdefinition-type-must-support": [
      "StructureDefinition.differential.element.type",
      "StructureDefinition.snapshot.element.type",
      "StructureDefinition.snapshot.element.type.targetProfile"
    ],
    "http://hl7.org/fhir/StructureDefinition/observation-secondaryFinding|5.2.0": [
      "Observation"
    ],
    "http://hl7.org/fhir/StructureDefinition/structuredefinition-display-hint": [
      "StructureDefinition.snapshot.element"
    ],
    "http://hl7.org/fhir/StructureDefinition/structuredefinition-fhir-type": [
      "StructureDefinition.snapshot.element.type"
    ],
    "http://hl7.org/fhir/StructureDefinition/structuredefinition-hierarchy": [
      "StructureDefinition.snapshot.element.type"
    ],
    "http://hl7.org/fhir/tools/StructureDefinition/ig-internal-dependency": [
      "ImplementationGuide.definition"
    ],
    "http://hl7.org/fhir/tools/StructureDefinition/ig-page-name": [
      "ImplementationGuide.definition.page",
      "ImplementationGuide.definition.page.page"
    ],
    "http://hl7.org/fhir/tools/StructureDefinition/ig-parameter": [
      "ImplementationGuide.definition"
    ],
    "http://hl7.org/fhir/tools/StructureDefinition/implementationguide-dependency-comment": [
      "ImplementationGuide.dependsOn"
    ],
    "http://hl7.org/fhir/tools/StructureDefinition/resource-information": [
      "ImplementationGuide.definition.resource"
    ],
    "http://hl7.org/fhir/tools/StructureDefinition/snapshot-base-version": [
      "StructureDefinition.snapshot"
    ],
    "http://hl7.org/fhir/us/core/StructureDefinition/us-core-birthsex|6.1.0": [
      "Patient"
    ],
    "http://hl7.org/fhir/us/core/StructureDefinition/us-core-ethnicity|6.1.0": [
      "Patient"
    ],
    "http://hl7.org/fhir/us/core/StructureDefinition/us-core-genderIdentity|6.1.0": [
      "Patient"
    ],
    "http://hl7.org/fhir/us/core/StructureDefinition/us-core-race|6.1.0": [
      "Patient"
    ],
    "http://hl7.org/fhir/us/core/StructureDefinition/us-core-sex|6.1.0": [
      "Patient"
    ],
    "http://hl7.org/fhir/us/core/StructureDefinition/us-core-tribal-affiliation|6.1.0": [
      "Patient"
    ],
    "http://hl7.org/fhir/us/core/StructureDefinition/uscdi-requirement": [
      "StructureDefinition.snapshot.element"
    ],
    "http://hl7.org/fhir/us/mcode/StructureDefinition/mcode-body-location-qualifier|4.0.0": [
      "Condition.bodySite",
      "Procedure.bodySite"
    ],
    "http://hl7.org/fhir/us/mcode/StructureDefinition/mcode-cancer-disease-status-evidence-type|4.0.0": [
      "Observation"
    ],
    "http://hl7.org/fhir/us/mcode/StructureDefinition/mcode-histology-morphology-behavior|4.0.0": [
      "Condition"
    ],
    "http://hl7.org/fhir/us/mcode/StructureDefinition/mcode-laterality-qualifier|4.0.0": [
      "Condition.bodySite",
      "Procedure.bodySite"
    ],
    "http://hl7.org/fhir/us/mcode/StructureDefinition/mcode-normalization-basis|4.0.0": [
      "MedicationAdministration"
    ],
    "http://hl7.org/fhir/us/mcode/StructureDefinition/mcode-procedure-intent|4.0.0": [
      "MedicationAdministration",
      "Procedure"
    ],
    "http://hl7.org/fhir/us/mcode/StructureDefinition/mcode-radiotherapy-dose-delivered-to-volume|4.0.0": [
      "Procedure"
    ],
    "http://hl7.org/fhir/us/mcode/StructureDefinition/mcode-radiotherapy-modality-and-technique|4.0.0": [
      "Procedure"
    ],
    "http://hl7.org/fhir/us/mcode/StructureDefinition/mcode-radiotherapy-sessions|4.0.0": [
      "Procedure"
    ],
    "http://hl7.org/fhir/us/mcode/StructureDefinition/mcode-related-condition-absent|4.0.0": [
      "Observation"
    ],
    "http://hl7.org/fhir/us/mcode/StructureDefinition/mcode-related-condition|4.0.0": [
      "Observation"
    ],
    "http://hl7.org/fhir/us/mcode/StructureDefinition/mcode-treatment-termination-reason|4.0.0": [
      "Procedure"
    ],
    "http://onconova.github.io/fhir/StructureDefinition/ext-therapy-line-reference|0.2.0": [
      "MedicationAdministration",
      "Procedure"
    ],
    "http://onconova.github.io/fhir/StructureDefinition/onconova-ext-adjunctive-role|0.2.0": [
      "MedicationAdministration"
    ],
    "http://onconova.github.io/fhir/StructureDefinition/onconova-ext-adverse-event-mitigation|0.2.0": [
      "AdverseEvent"
    ],
    "http://onconova.github.io/fhir/StructureDefinition/onconova-ext-age-at-diagnosis|0.2.0": [
      "Patient"
    ],
    "http://onconova.github.io/fhir/StructureDefinition/onconova-ext-age|0.2.0": [
      "Patient"
    ],
    "http://onconova.github.io/fhir/StructureDefinition/onconova-ext-cancer-morphology|0.2.0": [
      "FamilyMemberHistory.condition"
    ],
    "http://onconova.github.io/fhir/StructureDefinition/onconova-ext-cancer-topography|0.2.0": [
      "FamilyMemberHistory.condition"
    ],
    "http://onconova.github.io/fhir/StructureDefinition/onconova-ext-cause-of-death|0.2.0": [
      "Patient"
    ],
    "http://onconova.github.io/fhir/StructureDefinition/onconova-ext-combined-with|0.2.0": [
      "MedicationAdministration"
    ],
    "http://onconova.github.io/fhir/StructureDefinition/onconova-ext-consent-status|0.2.0": [
      "Patient"
    ],
    "http://onconova.github.io/fhir/StructureDefinition/onconova-ext-contributors|0.2.0": [
      "Patient"
    ],
    "http://onconova.github.io/fhir/StructureDefinition/onconova-ext-ctc-grade|0.2.0": [
      "AdverseEvent"
    ],
    "http://onconova.github.io/fhir/StructureDefinition/onconova-ext-cycles|0.2.0": [
      "MedicationAdministration"
    ],
    "http://onconova.github.io/fhir/StructureDefinition/onconova-ext-data-completion-rate|0.2.0": [
      "Patient"
    ],
    "http://onconova.github.io/fhir/StructureDefinition/onconova-ext-differentiation|0.2.0": [
      "Condition"
    ],
    "http://onconova.github.io/fhir/StructureDefinition/onconova-ext-end-of-records|0.2.0": [
      "Patient"
    ],
    "http://onconova.github.io/fhir/StructureDefinition/onconova-ext-gene-panel|0.2.0": [
      "Observation"
    ],
    "http://onconova.github.io/fhir/StructureDefinition/onconova-ext-hgvs-version|0.2.0": [
      "Observation"
    ],
    "http://onconova.github.io/fhir/StructureDefinition/onconova-ext-is-primary-therapy|0.2.0": [
      "MedicationAdministration"
    ],
    "http://onconova.github.io/fhir/StructureDefinition/onconova-ext-molecular-tumor-board-cup-characterization|0.2.0": [
      "Procedure"
    ],
    "http://onconova.github.io/fhir/StructureDefinition/onconova-ext-molecular-tumor-board-molecular-comparison|0.2.0": [
      "Procedure"
    ],
    "http://onconova.github.io/fhir/StructureDefinition/onconova-ext-molecular-tumor-board-therapeutic-recommendation|0.2.0": [
      "Procedure"
    ],
    "http://onconova.github.io/fhir/StructureDefinition/onconova-ext-overall-survival|0.2.0": [
      "Patient"
    ],
    "http://onconova.github.io/fhir/StructureDefinition/onconova-ext-recurrence-of|0.2.0": [
      "Condition"
    ],
    "http://onconova.github.io/fhir/StructureDefinition/onconova-ext-recurrence-type|0.2.0": [
      "Condition.clinicalStatus"
    ],
    "http://onconova.github.io/fhir/StructureDefinition/onconova-ext-risk-assessment-score|0.2.0": [
      "Observation"
    ],
    "http://onconova.github.io/fhir/StructureDefinition/onconova-ext-therapy-line-intent|0.2.0": [
      "List"
    ],
    "http://onconova.github.io/fhir/StructureDefinition/onconova-ext-therapy-line-number|0.2.0": [
      "List"
    ],
    "http://onconova.github.io/fhir/StructureDefinition/onconova-ext-therapy-line-period|0.2.0": [
      "List"
    ],
    "http://onconova.github.io/fhir/StructureDefinition/onconova-ext-therapy-line-progression-date|0.2.0": [
      "List"
    ],
    "http://onconova.github.io/fhir/StructureDefinition/onconova-ext-therapy-line-progression-free-survival|0.2.0": [
      "List"
    ],
    "http://onconova.github.io/fhir/StructureDefinition/onconova-ext-tumor-board-specialization|0.2.0": [
      "Procedure.code"
    ],
    "http://onconova.github.io/fhir/StructureDefinition/onconova-ext-tumor-marker-analyte|0.2.0": [
      "Observation"
    ],
    "http://onconova.github.io/fhir/StructureDefinition/onconova-ext-vital-status|0.2.0": [
      "Patient"
    ]
  }
}