{
  "resourceType" : "ValueSet",
  "id" : "onconova-vs-vital-status",
  "text" : {
    "status" : "generated",
    "div" : "<div xmlns=\"http://www.w3.org/1999/xhtml\"><p class=\"res-header-id\"><b>Generated Narrative: ValueSet onconova-vs-vital-status</b></p><a name=\"onconova-vs-vital-status\"> </a><a name=\"hconconova-vs-vital-status\"> </a><ul><li>Include these codes as defined in <a href=\"http://www.snomed.org/\"><code>http://snomed.info/sct</code></a><span title=\"Version is not explicitly stated. No matching Code System found\"> version Not Stated (use latest from terminology server)</span><table class=\"none\"><tr><td style=\"white-space:nowrap\"><b>Code</b></td><td><b>Display</b></td></tr><tr><td><a href=\"http://snomed.info/id/438949009\">438949009</a></td><td>Alive</td></tr><tr><td><a href=\"http://snomed.info/id/419099009\">419099009</a></td><td>Dead</td></tr><tr><td><a href=\"http://snomed.info/id/261665006\">261665006</a></td><td>Unknown</td></tr></table></li></ul></div>"
  },
  "url" : "http://onconova.github.io/fhir/ValueSet/onconova-vs-vital-status",
  "version" : "0.2.0",
  "name" : "VitalStatus",
  "title" : "Vital Status Value Set",
  "status" : "active",
  "date" : "2025-12-04T10:18:27+00:00",
  "publisher" : "Onconova",
  "contact" : [{
    "name" : "Onconova",
    "telecom" : [{
      "system" : "url",
      "value" : "http://onconova.github.io/docs"
    }]
  }],
  "description" : "The vital status of a patient",
  "compose" : {
    "include" : [{
      "system" : "http://snomed.info/sct",
      "concept" : [{
        "code" : "438949009",
        "display" : "Alive"
      },
      {
        "code" : "419099009",
        "display" : "Dead"
      },
      {
        "code" : "261665006",
        "display" : "Unknown"
      }]
    }]
  }
}