URL,Version,Status,OIDs,Name,Title,Descriptino,Uses,Used,Sources
http://onconova.github.io/fhir/ValueSet/onconova-tnm-lymphatic-invasion-categories,0.2.0,active,,TNMLymphaticInvasionCategories,TNM Lymphatic Invasion Categories Value Set,"TNM Lymphatic Invasion Categories Value Set",,"SCT"
http://onconova.github.io/fhir/ValueSet/onconova-tnm-perineural-invasion-categories,0.2.0,active,,TNMPerineuralInvasionCategories,TNM Perineural Invasion Categories Value Set,"TNM Perineural Invasion Categories Value Set",,"SCT"
http://onconova.github.io/fhir/ValueSet/onconova-tnm-residual-tumor-categories,0.2.0,active,,TNMResidualTumorCategories,TNM Residual Tumor Categories Value Set,"TNM Residual Tumor Categories Value Set",,"SCT"
http://onconova.github.io/fhir/ValueSet/onconova-vs-adjunctive-therapy-roles,0.2.0,active,,AdjunctiveTherapyRoles,Adjunctive Therapy Roles Value Set,"Codes representing roles for adjunctive therapy in oncology.",,"hl7.terminology.r4"
http://onconova.github.io/fhir/ValueSet/onconova-vs-adverse-event-mitigation-categories,0.2.0,active,,AdverseEventMitigationCategories,Adverse Event Mitigation Categories Value Set,"Categories of actions taken to mitigate or manage adverse events in oncology.",,"hl7.terminology.r4"
http://onconova.github.io/fhir/ValueSet/onconova-vs-adverse-event-mitigation-drugs,0.2.0,active,,AdverseEventMitigationDrugs,Adverse Event Mitigation Drugs Value Set,"Drugs or medication categories used in the mitigation process of an adverse event.",,"SCT,hl7.terminology.r4"
http://onconova.github.io/fhir/ValueSet/onconova-vs-adverse-event-mitigation-managements,0.2.0,active,,AdverseEventMitigationManagements,Adverse Event Mitigation Managements Value Set,"Classification of actions to mitigate adverse events affecting a patient's health.",,"SCT"
http://onconova.github.io/fhir/ValueSet/onconova-vs-adverse-event-mitigation-procedures,0.2.0,active,,AdverseEventMitigationProcedures,Adverse Event Mitigation Procedures Value Set,"Procedures undertaken to mitigate the impact of an adverse event on a patient's health.",,"SCT,hl7.terminology.r4"
http://onconova.github.io/fhir/ValueSet/onconova-vs-adverse-event-mitigation-treatment-adjustments,0.2.0,active,,AdverseEventMitigationTreatmentAdjustments,Adverse Event Mitigation Treatment Adjustments Value Set,"Adjustments made to a patient's treatment plan in response to an adverse event.",,"SCT"
http://onconova.github.io/fhir/ValueSet/onconova-vs-amino-acid-change-types,0.2.0,active,,AminoAcidChangeTypes,Amino Acid Change Type Value Set,"Amino acid change types due to a genomic variant. It constraints and expands the original [LOINC Answer List LL380-7](https://loinc.org/LL380-7/) to enforce Onconova-compatible codes",,"LOINC,Other"
http://onconova.github.io/fhir/ValueSet/onconova-vs-antineoplastic-agents,0.2.0,active,,AntineoplasticAgents,Antineoplastic Agents Value Set,"Drugs and biological agents used in the treatment of neoplastic diseases.",,"hl7.terminology.r4"
http://onconova.github.io/fhir/ValueSet/onconova-vs-cancer-imaging-methods,0.2.0,active,,CancerImagingMethods,Cancer Imaging Methods Value Set,"Imaging methods used in cancer diagnosis and monitoring.",,"SCT"
http://onconova.github.io/fhir/ValueSet/onconova-vs-cancer-risk-assessment-methods,0.2.0,active,,CancerRiskAssessmentMethods,Cancer Risk Assessment Methods Value Set,"A value set containing codes for various cancer risk assessment methods.",,"hl7.terminology.r4"
http://onconova.github.io/fhir/ValueSet/onconova-vs-cancer-risk-assessment-values,0.2.0,active,,CancerRiskAssessmentValues,Risk Assessment Values Value Set,"A non-exhaustive value set containing codes that result from risk assessments, i.e., the risk level of the cancer.",,"hl7.terminology.r4"
http://onconova.github.io/fhir/ValueSet/onconova-vs-causes-of-death,0.2.0,active,,CausesOfDeath,Cause of Death Value Set,"The causes of death that are relevant for a cancer patient.",,"SCT,hl7.terminology.r4"
http://onconova.github.io/fhir/ValueSet/onconova-vs-clinical-relevances,0.2.0,active,,ClinicalRelevances,Clinical Relevance Value Set,"Categorizations of the clinical relevance of a genomic variant",,"hl7.terminology.r4"
http://onconova.github.io/fhir/ValueSet/onconova-vs-comorbidity-panels,0.2.0,active,,ComorbidityPanels,Comorbidity Panels Value Set,"A collection of comorbidity panels relevant to cancer patients.",,"Internal"
http://onconova.github.io/fhir/ValueSet/onconova-vs-consent-status,0.2.0,active,,ConsentStatus,Consent Status Value Set,"The consent status of a patient for further use of data in research.",,"Internal"
http://onconova.github.io/fhir/ValueSet/onconova-vs-ctc-adverse-events,0.2.0,active,,CTCAdverseEvents,CTC Adverse Events Value Set,"Adverse events classified according to the Common Terminology Criteria for Adverse Events (CTCAE)",,"THO"
http://onconova.github.io/fhir/ValueSet/onconova-vs-dna-change-types,0.2.0,active,,DNAChangeTypes,Coding DNA Change Types Value Set,"Coding DNA change types due to a genomic variant. It constraints and expands the original [LOINC Answer List LL380-7](https://loinc.org/LL380-7/) to enforce Onconova-compatible codes",,"hl7.terminology.r4,Other"
http://onconova.github.io/fhir/ValueSet/onconova-vs-expected-drug-effects,0.2.0,active,,ExpectedDrugEffects,Expected Drug Effects Value Set,"Collection of expected effects when a drug is administered.",,"SCT"
http://onconova.github.io/fhir/ValueSet/onconova-vs-exposure-agents,0.2.0,active,,ExposureAgents,Exposure Agents Value Set,"Agents to which a patient may have been exposed.",,"hl7.terminology.r4"
http://onconova.github.io/fhir/ValueSet/onconova-vs-icd-10-conditions,0.2.0,active,,ICD10Conditions,ICD-10 Codes Value Set,"All possible ICD-10 codes for conditions.",,"hl7.terminology.r4"
http://onconova.github.io/fhir/ValueSet/onconova-vs-icdo3-differentiations,0.2.0,active,,ICDO3Differentiations,ICD-O-3 Differentiations Value Set,"The subset of ICD-O-3 concepts dedicated for describing morphology differentiations.",,"THO"
http://onconova.github.io/fhir/ValueSet/onconova-vs-icdo3-morphology-behaviors,0.2.0,active,,ICDO3MorphologyBehaviors,ICD-O-3 Morphology Behavior Value Set,"The subset of ICD-O-3 concepts dedicated for describing morphology behavior.",,"THO"
http://onconova.github.io/fhir/ValueSet/onconova-vs-icdo3-topographies,0.2.0,active,,ICDO3Topographies,ICD-O-3 Topographies Value Set,"The subset of ICD-O-3 concepts dedicated for describing morphology topographies.",,"THO"
http://onconova.github.io/fhir/ValueSet/onconova-vs-observation-bodysites,0.2.0,active,,ObservationBodySites,Observation Body Sites Value Set,"Bodysites related to an observation",,"SCT"
http://onconova.github.io/fhir/ValueSet/onconova-vs-recreational-drugs,0.2.0,active,,RecreationalDrugs,Recreational Drugs Value Set,"Substances that people use to alter their mental state, often for pleasure or leisure, with effects ranging from relaxation and euphoria to hallucinations and altered perceptions.",,"SCT"
http://onconova.github.io/fhir/ValueSet/onconova-vs-recurrence-types,0.2.0,active,,RecurrenceTypes,Recurrence Types Value Set,"A value set representing the types of cancer recurrence, specifically local and regional recurrences.",,"SCT"
http://onconova.github.io/fhir/ValueSet/onconova-vs-smoking-status,0.2.0,active,,SmokingStatus,Smoking status Value Set,"Smoking status of a patient",,"SCT"
http://onconova.github.io/fhir/ValueSet/onconova-vs-surgical-procedures,0.2.0,active,,SurgicalProcedures,Surgical Procedures Value Set,"Set of surgical procedures relevant to cancer treatment in Onconova.",,"hl7.terminology.r4"
http://onconova.github.io/fhir/ValueSet/onconova-vs-tnm-distant-metastasis-categories,0.2.0,active,,TNMDistantMetastasisCategories,TNM Distant Metastasis Categories Value Set,"TNM Distant Metastasis Categories Value Set",,"SCT"
http://onconova.github.io/fhir/ValueSet/onconova-vs-tnm-grade-categories,0.2.0,active,,TNMGradeCategories,TNM Grade Categories Value Set,"TNM Grade Categories Value Set",,"SCT"
http://onconova.github.io/fhir/ValueSet/onconova-vs-tnm-grade-category-methods,0.2.0,active,,TNMGradeCategoryMethods,TNM Grade Category Methods Value Set,"TNM Grade Category Methods Value Set",,"SCT"
http://onconova.github.io/fhir/ValueSet/onconova-vs-tnm-primary-tumor-categories,0.2.0,active,,TNMPrimaryTumorCategories,TNM Primary Tumor Categories Value Set,"TNM Primary Tumor Categories Value Set",,"SCT"
http://onconova.github.io/fhir/ValueSet/onconova-vs-tnm-regional-nodes-categories,0.2.0,active,,TNMRegionalNodesCategories,TNM Regional Nodes Categories Value Set,"TNM Regional Nodes Categories Value Set",,"SCT"
http://onconova.github.io/fhir/ValueSet/onconova-vs-tnm-serum-tumor-marker-level-categories,0.2.0,active,,TNMSerumTumorMarkerLevelCategories,TNM Serum Tumor Marker Level Categories Value Set,"TNM Serum Tumor Marker Level Categories Value Set",,"SCT"
http://onconova.github.io/fhir/ValueSet/onconova-vs-tnm-venous-invasion-categories,0.2.0,active,,TNMVenousInvasionCategories,TNM Venous Invasion Categories Value Set,"TNM Venous Invasion Categories Value Set",,"SCT"
http://onconova.github.io/fhir/ValueSet/onconova-vs-treatment-termination-reasons,0.2.0,active,,TreatmentTerminationReasons,Treatment Termination Reasons Value Set,"Reasons for terminating a treatment in oncology.",,"SCT"
http://onconova.github.io/fhir/ValueSet/onconova-vs-tumor-board-recommendations,0.2.0,active,,OnconovaTumorBoardRecommendations,Tumor Board Recommendations Value Set,"Recommendations that may be made by a tumor board for a cancer patient.",,"SCT,LOINC"
http://onconova.github.io/fhir/ValueSet/onconova-vs-tumor-marker-analytes,0.2.0,active,,TumorMarkerAnalytes,Tumor Marker Analytes Value Set,"Analytes considered tumor markers.",,"LOINC,hl7.terminology.r4"
http://onconova.github.io/fhir/ValueSet/onconova-vs-tumor-marker-tests,0.2.0,active,,TumorMarkerTests,Tumor Marker Tests,"ValueSet containing LOINC and NCI Thesaurus codes for tumor marker laboratory tests and measurements",,"LOINC,hl7.terminology.r4"
http://onconova.github.io/fhir/ValueSet/onconova-vs-vital-status,0.2.0,active,,VitalStatus,Vital Status Value Set,"The vital status of a patient",,"SCT"
