{
  "resourceType" : "ValueSet",
  "id" : "onconova-tnm-lymphatic-invasion-categories",
  "text" : {
    "status" : "generated",
    "div" : "<div xmlns=\"http://www.w3.org/1999/xhtml\"><p class=\"res-header-id\"><b>Generated Narrative: ValueSet onconova-tnm-lymphatic-invasion-categories</b></p><a name=\"onconova-tnm-lymphatic-invasion-categories\"> </a><a name=\"hconconova-tnm-lymphatic-invasion-categories\"> </a><ul><li>Include these codes as defined in <a href=\"http://www.snomed.org/\"><code>http://snomed.info/sct</code></a><span title=\"Version is not explicitly stated. No matching Code System found\"> version Not Stated (use latest from terminology server)</span><table class=\"none\"><tr><td style=\"white-space:nowrap\"><b>Code</b></td><td><b>Display</b></td></tr><tr><td><a href=\"http://snomed.info/id/44649003\">44649003</a></td><td>L0 stage</td></tr><tr><td><a href=\"http://snomed.info/id/74139005\">74139005</a></td><td>L1 stage</td></tr><tr><td><a href=\"http://snomed.info/id/72632003\">72632003</a></td><td>L2 stage</td></tr><tr><td><a href=\"http://snomed.info/id/33419001\">33419001</a></td><td>LX stage</td></tr></table></li></ul></div>"
  },
  "url" : "http://onconova.github.io/fhir/ValueSet/onconova-tnm-lymphatic-invasion-categories",
  "version" : "0.2.0",
  "name" : "TNMLymphaticInvasionCategories",
  "title" : "TNM Lymphatic Invasion Categories Value Set",
  "status" : "active",
  "date" : "2026-02-25T15:12:31+00:00",
  "publisher" : "Onconova",
  "contact" : [{
    "name" : "Onconova",
    "telecom" : [{
      "system" : "url",
      "value" : "http://onconova.github.io/docs"
    }]
  }],
  "description" : "TNM Lymphatic Invasion Categories Value Set",
  "compose" : {
    "include" : [{
      "system" : "http://snomed.info/sct",
      "concept" : [{
        "code" : "44649003",
        "display" : "L0 stage"
      },
      {
        "code" : "74139005",
        "display" : "L1 stage"
      },
      {
        "code" : "72632003",
        "display" : "L2 stage"
      },
      {
        "code" : "33419001",
        "display" : "LX stage"
      }]
    }]
  }
}