{
  "resourceType" : "ValueSet",
  "id" : "onconova-vs-recreational-drugs",
  "text" : {
    "status" : "generated",
    "div" : "<div xmlns=\"http://www.w3.org/1999/xhtml\"><p class=\"res-header-id\"><b>Generated Narrative: ValueSet onconova-vs-recreational-drugs</b></p><a name=\"onconova-vs-recreational-drugs\"> </a><a name=\"hconconova-vs-recreational-drugs\"> </a><ul><li>Include these codes as defined in <a href=\"http://www.snomed.org/\"><code>http://snomed.info/sct</code></a><span title=\"Version is not explicity stated. No matching Code System found\"> version Not Stated (use latest from terminology server)</span><table class=\"none\"><tr><td style=\"white-space:nowrap\"><b>Code</b></td><td><b>Display</b></td></tr><tr><td><a href=\"http://snomed.info/id/398705004\">398705004</a></td><td>Cannabis</td></tr><tr><td><a href=\"http://snomed.info/id/387085005\">387085005</a></td><td>Cocaine</td></tr><tr><td><a href=\"http://snomed.info/id/255641001\">255641001</a></td><td>Caffeine</td></tr><tr><td><a href=\"http://snomed.info/id/288459003\">288459003</a></td><td>MDMA</td></tr><tr><td><a href=\"http://snomed.info/id/15698006\">15698006</a></td><td>LSD</td></tr><tr><td><a href=\"http://snomed.info/id/53513007\">53513007</a></td><td>Psilocybin</td></tr><tr><td><a href=\"http://snomed.info/id/387499002\">387499002</a></td><td>Methamphetamine</td></tr><tr><td><a href=\"http://snomed.info/id/387341002\">387341002</a></td><td>Heroin</td></tr><tr><td><a href=\"http://snomed.info/id/372664007\">372664007</a></td><td>Benzodiazepine</td></tr><tr><td><a href=\"http://snomed.info/id/404642006\">404642006</a></td><td>Opioid receptor agonist</td></tr><tr><td><a href=\"http://snomed.info/id/373464007\">373464007</a></td><td>Ketamine</td></tr><tr><td><a href=\"http://snomed.info/id/111132001\">111132001</a></td><td>Nitrous oxide</td></tr><tr><td><a href=\"http://snomed.info/id/782540000\">782540000</a></td><td>GHB receptor agonist</td></tr><tr><td><a href=\"http://snomed.info/id/788540007\">788540007</a></td><td>Synthetic cannabinoid</td></tr><tr><td><a href=\"http://snomed.info/id/439721004\">439721004</a></td><td>Salvia divinorum leaves</td></tr><tr><td><a href=\"http://snomed.info/id/3983008\">3983008</a></td><td>DMT</td></tr><tr><td><a href=\"http://snomed.info/id/373780001\">373780001</a></td><td>Mescaline</td></tr><tr><td><a href=\"http://snomed.info/id/703842006\">703842006</a></td><td>Amfetamine</td></tr><tr><td><a href=\"http://snomed.info/id/373337007\">373337007</a></td><td>Methylphenidate</td></tr><tr><td><a href=\"http://snomed.info/id/111151007\">111151007</a></td><td>Anabolic steroid</td></tr><tr><td><a href=\"http://snomed.info/id/68540007\">68540007</a></td><td>Nicotine</td></tr></table></li></ul></div>"
  },
  "url" : "http://onconova.github.io/fhir/ValueSet/onconova-vs-recreational-drugs",
  "version" : "0.2.0",
  "name" : "RecreationalDrugs",
  "title" : "Recreational Drugs Value Set",
  "status" : "active",
  "date" : "2025-11-25T10:34:25+00:00",
  "publisher" : "Onconova",
  "contact" : [{
    "name" : "Onconova",
    "telecom" : [{
      "system" : "url",
      "value" : "http://onconova.github.io/docs"
    }]
  }],
  "description" : "Substances that people use to alter their mental state, often for pleasure or leisure, with effects ranging from relaxation and euphoria to hallucinations and altered perceptions.",
  "compose" : {
    "include" : [{
      "system" : "http://snomed.info/sct",
      "concept" : [{
        "code" : "398705004",
        "display" : "Cannabis"
      },
      {
        "code" : "387085005",
        "display" : "Cocaine"
      },
      {
        "code" : "255641001",
        "display" : "Caffeine"
      },
      {
        "code" : "288459003",
        "display" : "MDMA"
      },
      {
        "code" : "15698006",
        "display" : "LSD"
      },
      {
        "code" : "53513007",
        "display" : "Psilocybin"
      },
      {
        "code" : "387499002",
        "display" : "Methamphetamine"
      },
      {
        "code" : "387341002",
        "display" : "Heroin"
      },
      {
        "code" : "372664007",
        "display" : "Benzodiazepine"
      },
      {
        "code" : "404642006",
        "display" : "Opioid receptor agonist"
      },
      {
        "code" : "373464007",
        "display" : "Ketamine"
      },
      {
        "code" : "111132001",
        "display" : "Nitrous oxide"
      },
      {
        "code" : "782540000",
        "display" : "GHB receptor agonist"
      },
      {
        "code" : "788540007",
        "display" : "Synthetic cannabinoid"
      },
      {
        "code" : "439721004",
        "display" : "Salvia divinorum leaves"
      },
      {
        "code" : "3983008",
        "display" : "DMT"
      },
      {
        "code" : "373780001",
        "display" : "Mescaline"
      },
      {
        "code" : "703842006",
        "display" : "Amfetamine"
      },
      {
        "code" : "373337007",
        "display" : "Methylphenidate"
      },
      {
        "code" : "111151007",
        "display" : "Anabolic steroid"
      },
      {
        "code" : "68540007",
        "display" : "Nicotine"
      }]
    }]
  }
}