{
  "resourceType" : "ValueSet",
  "id" : "onconova-vs-adverse-event-mitigation-categories",
  "text" : {
    "status" : "generated",
    "div" : "<div xmlns=\"http://www.w3.org/1999/xhtml\"><p class=\"res-header-id\"><b>Generated Narrative: ValueSet onconova-vs-adverse-event-mitigation-categories</b></p><a name=\"onconova-vs-adverse-event-mitigation-categories\"> </a><a name=\"hconconova-vs-adverse-event-mitigation-categories\"> </a><ul><li>Include these codes as defined in <a href=\"http://terminology.hl7.org/6.5.0/CodeSystem-v3-nciThesaurus.html\"><code>http://ncicb.nci.nih.gov/xml/owl/EVS/Thesaurus.owl</code></a><span title=\"Version is not explicity stated. No matching Code System found\"> version Not Stated (use latest from terminology server)</span><table class=\"none\"><tr><td style=\"white-space:nowrap\"><b>Code</b></td><td><b>Display</b></td></tr><tr><td>C49157</td><td>Adjustment</td></tr><tr><td>C49158</td><td>Drug</td></tr><tr><td>C49159</td><td>Procedure</td></tr></table></li></ul></div>"
  },
  "url" : "http://onconova.github.io/fhir/ValueSet/onconova-vs-adverse-event-mitigation-categories",
  "version" : "0.2.0",
  "name" : "AdverseEventMitigationCategories",
  "title" : "Adverse Event Mitigation Categories",
  "status" : "active",
  "date" : "2025-11-11T12:47:38+00:00",
  "publisher" : "Onconova",
  "contact" : [{
    "name" : "Onconova",
    "telecom" : [{
      "system" : "url",
      "value" : "http://onconova.github.io/docs"
    }]
  }],
  "description" : "Categories of actions taken to mitigate or manage adverse events in oncology.",
  "compose" : {
    "include" : [{
      "system" : "http://ncicb.nci.nih.gov/xml/owl/EVS/Thesaurus.owl",
      "concept" : [{
        "code" : "C49157",
        "display" : "Adjustment"
      },
      {
        "code" : "C49158",
        "display" : "Drug"
      },
      {
        "code" : "C49159",
        "display" : "Procedure"
      }]
    }]
  }
}