{
  "resourceType" : "ValueSet",
  "id" : "onconova-vs-homologous-recombination-deficiency-interpretations",
  "text" : {
    "status" : "generated",
    "div" : "<div xmlns=\"http://www.w3.org/1999/xhtml\"><p class=\"res-header-id\"><b>Generated Narrative: ValueSet onconova-vs-homologous-recombination-deficiency-interpretations</b></p><a name=\"onconova-vs-homologous-recombination-deficiency-interpretations\"> </a><a name=\"hconconova-vs-homologous-recombination-deficiency-interpretations\"> </a><ul><li>Include these codes as defined in <a href=\"http://www.snomed.org/\"><code>http://snomed.info/sct</code></a><span title=\"Version is not explicitly stated. No matching Code System found\"> version Not Stated (use latest from terminology server)</span><table class=\"none\"><tr><td style=\"white-space:nowrap\"><b>Code</b></td><td><b>Display</b></td></tr><tr><td><a href=\"http://snomed.info/id/10828004\">10828004</a></td><td>Positive (qualifier value)</td></tr><tr><td><a href=\"http://snomed.info/id/260385009\">260385009</a></td><td>Negative (qualifier value)</td></tr><tr><td><a href=\"http://snomed.info/id/82334004\">82334004</a></td><td>Indeterminate (qualifier value)</td></tr></table></li></ul></div>"
  },
  "url" : "http://onconova.github.io/fhir/ValueSet/onconova-vs-homologous-recombination-deficiency-interpretations",
  "version" : "0.2.0",
  "name" : "HomologousRecombinationDeficiencyInterpretations",
  "title" : "Homologous Recombination Deficiency Interpretation Value Set",
  "status" : "active",
  "date" : "2026-02-25T15:12:31+00:00",
  "publisher" : "Onconova",
  "contact" : [{
    "name" : "Onconova",
    "telecom" : [{
      "system" : "url",
      "value" : "http://onconova.github.io/docs"
    }]
  }],
  "description" : "The categorical classifications of the HRD status interpreted from its value..",
  "compose" : {
    "include" : [{
      "system" : "http://snomed.info/sct",
      "concept" : [{
        "code" : "10828004",
        "display" : "Positive (qualifier value)"
      },
      {
        "code" : "260385009",
        "display" : "Negative (qualifier value)"
      },
      {
        "code" : "82334004",
        "display" : "Indeterminate (qualifier value)"
      }]
    }]
  }
}