{
  "resourceType" : "ValueSet",
  "id" : "onconova-vs-adverse-event-mitigation-managements",
  "text" : {
    "status" : "generated",
    "div" : "<div xmlns=\"http://www.w3.org/1999/xhtml\"><p class=\"res-header-id\"><b>Generated Narrative: ValueSet onconova-vs-adverse-event-mitigation-managements</b></p><a name=\"onconova-vs-adverse-event-mitigation-managements\"> </a><a name=\"hconconova-vs-adverse-event-mitigation-managements\"> </a><ul><li>Include these codes as defined in <a href=\"http://www.snomed.org/\"><code>http://snomed.info/sct</code></a><span title=\"Version is not explicitly stated. No matching Code System found\"> version Not Stated (use latest from terminology server)</span><table class=\"none\"><tr><td style=\"white-space:nowrap\"><b>Code</b></td><td><b>Display</b></td></tr><tr><td><a href=\"http://snomed.info/id/737481003\">737481003</a></td><td>Inpatient care management</td></tr><tr><td><a href=\"http://snomed.info/id/737492002\">737492002</a></td><td>Outpatient care management</td></tr></table></li></ul></div>"
  },
  "url" : "http://onconova.github.io/fhir/ValueSet/onconova-vs-adverse-event-mitigation-managements",
  "version" : "0.2.0",
  "name" : "AdverseEventMitigationManagements",
  "title" : "Adverse Event Mitigation Managements Value Set",
  "status" : "active",
  "date" : "2025-12-04T07:07:35+00:00",
  "publisher" : "Onconova",
  "contact" : [{
    "name" : "Onconova",
    "telecom" : [{
      "system" : "url",
      "value" : "http://onconova.github.io/docs"
    }]
  }],
  "description" : "Classification of actions to mitigate adverse events affecting a patient's health.",
  "compose" : {
    "include" : [{
      "system" : "http://snomed.info/sct",
      "concept" : [{
        "code" : "737481003",
        "display" : "Inpatient care management"
      },
      {
        "code" : "737492002",
        "display" : "Outpatient care management"
      }]
    }]
  }
}