{
  "resourceType" : "ValueSet",
  "id" : "onconova-vs-cancer-imaging-methods",
  "text" : {
    "status" : "generated",
    "div" : "<div xmlns=\"http://www.w3.org/1999/xhtml\"><p class=\"res-header-id\"><b>Generated Narrative: ValueSet onconova-vs-cancer-imaging-methods</b></p><a name=\"onconova-vs-cancer-imaging-methods\"> </a><a name=\"hconconova-vs-cancer-imaging-methods\"> </a><ul><li>Include these codes as defined in <a href=\"http://www.snomed.org/\"><code>http://snomed.info/sct</code></a><span title=\"Version is not explicity stated. No matching Code System found\"> version Not Stated (use latest from terminology server)</span><table class=\"none\"><tr><td style=\"white-space:nowrap\"><b>Code</b></td><td><b>Display</b></td></tr><tr><td><a href=\"http://snomed.info/id/77477000\">77477000</a></td><td>CT - Computerized tomography</td></tr><tr><td><a href=\"http://snomed.info/id/113091000\">113091000</a></td><td>MRI - Magnetic resonance imaging</td></tr><tr><td><a href=\"http://snomed.info/id/16310003\">16310003</a></td><td>US - Ultrasound</td></tr><tr><td><a href=\"http://snomed.info/id/82918005\">82918005</a></td><td>PET - Positron emission tomography</td></tr><tr><td><a href=\"http://snomed.info/id/260222006\">260222006</a></td><td>SPET - Single photon emission computed tomography</td></tr><tr><td><a href=\"http://snomed.info/id/363680008\">363680008</a></td><td>X-ray</td></tr><tr><td><a href=\"http://snomed.info/id/312275004\">312275004</a></td><td>Fluoroscopic imaging</td></tr><tr><td><a href=\"http://snomed.info/id/312337001\">312337001</a></td><td>Thermography imaging</td></tr><tr><td><a href=\"http://snomed.info/id/371576000\">371576000</a></td><td>Video imaging</td></tr></table></li></ul></div>"
  },
  "url" : "http://onconova.github.io/fhir/ValueSet/onconova-vs-cancer-imaging-methods",
  "version" : "0.2.0",
  "name" : "CancerImagingMethods",
  "title" : "Cancer Imaging Methods",
  "status" : "active",
  "date" : "2025-11-19T14:47:01+00:00",
  "publisher" : "Onconova",
  "contact" : [{
    "name" : "Onconova",
    "telecom" : [{
      "system" : "url",
      "value" : "http://onconova.github.io/docs"
    }]
  }],
  "description" : "Codes representing various imaging methods used in cancer diagnosis and monitoring.",
  "compose" : {
    "include" : [{
      "system" : "http://snomed.info/sct",
      "concept" : [{
        "code" : "77477000",
        "display" : "CT - Computerized tomography"
      },
      {
        "code" : "113091000",
        "display" : "MRI - Magnetic resonance imaging"
      },
      {
        "code" : "16310003",
        "display" : "US - Ultrasound"
      },
      {
        "code" : "82918005",
        "display" : "PET - Positron emission tomography"
      },
      {
        "code" : "260222006",
        "display" : "SPET - Single photon emission computed tomography"
      },
      {
        "code" : "363680008",
        "display" : "X-ray"
      },
      {
        "code" : "312275004",
        "display" : "Fluoroscopic imaging"
      },
      {
        "code" : "312337001",
        "display" : "Thermography imaging"
      },
      {
        "code" : "371576000",
        "display" : "Video imaging"
      }]
    }]
  }
}