{
  "resourceType" : "ValueSet",
  "id" : "onconova-vs-treatment-intents",
  "text" : {
    "status" : "generated",
    "div" : "<div xmlns=\"http://www.w3.org/1999/xhtml\"><p class=\"res-header-id\"><b>Generated Narrative: ValueSet onconova-vs-treatment-intents</b></p><a name=\"onconova-vs-treatment-intents\"> </a><a name=\"hconconova-vs-treatment-intents\"> </a><ul><li>Include these codes as defined in <a href=\"http://www.snomed.org/\"><code>http://snomed.info/sct</code></a><span title=\"Version is not explicity stated. No matching Code System found\"> version Not Stated (use latest from terminology server)</span><table class=\"none\"><tr><td style=\"white-space:nowrap\"><b>Code</b></td><td><b>Display</b></td></tr><tr><td><a href=\"http://snomed.info/id/373808002\">373808002</a></td><td>Curative - procedure intent</td></tr><tr><td><a href=\"http://snomed.info/id/363676003\">363676003</a></td><td>Palliative  - procedure intent</td></tr></table></li></ul></div>"
  },
  "url" : "http://onconova.github.io/fhir/ValueSet/onconova-vs-treatment-intents",
  "version" : "0.2.0",
  "name" : "TreatmentIntents",
  "title" : "Treatment Intents Value Set",
  "status" : "active",
  "date" : "2025-11-27T13:06:44+00:00",
  "publisher" : "Onconova",
  "contact" : [{
    "name" : "Onconova",
    "telecom" : [{
      "system" : "url",
      "value" : "http://onconova.github.io/docs"
    }]
  }],
  "description" : "A set of intents for giving a treatment to a cancer patient",
  "compose" : {
    "include" : [{
      "system" : "http://snomed.info/sct",
      "concept" : [{
        "code" : "373808002",
        "display" : "Curative - procedure intent"
      },
      {
        "code" : "363676003",
        "display" : "Palliative  - procedure intent"
      }]
    }]
  }
}