{
  "resourceType" : "ValueSet",
  "id" : "onconova-vs-icdo3-morphology-behaviors",
  "text" : {
    "status" : "generated",
    "div" : "<div xmlns=\"http://www.w3.org/1999/xhtml\"><p class=\"res-header-id\"><b>Generated Narrative: ValueSet onconova-vs-icdo3-morphology-behaviors</b></p><a name=\"onconova-vs-icdo3-morphology-behaviors\"> </a><a name=\"hconconova-vs-icdo3-morphology-behaviors\"> </a><ul><li>Include all codes defined in <a href=\"http://terminology.hl7.org/6.2.0/CodeSystem-icd-o-3.html\"><code>http://terminology.hl7.org/CodeSystem/icd-o-3</code></a><span title=\"Version is not explicity stated. No matching Code System found\"> version Not Stated (use latest from terminology server)</span></li></ul></div>"
  },
  "url" : "http://onconova.github.io/fhir/ValueSet/onconova-vs-icdo3-morphology-behaviors",
  "version" : "0.2.0",
  "name" : "ICDO3MorphologyBehaviors",
  "title" : "ICD-O-3 Morphology Behavior Value Set",
  "status" : "active",
  "date" : "2025-11-24T11:19:41+00:00",
  "publisher" : "Onconova",
  "contact" : [{
    "name" : "Onconova",
    "telecom" : [{
      "system" : "url",
      "value" : "http://onconova.github.io/docs"
    }]
  }],
  "description" : "The subset of ICD-O-3 concepts dedicated for describing morphology behavior.",
  "compose" : {
    "include" : [{
      "system" : "http://terminology.hl7.org/CodeSystem/icd-o-3"
    }]
  }
}