{
  "resourceType" : "ValueSet",
  "id" : "onconova-tnm-perineural-invasion-categories",
  "text" : {
    "status" : "generated",
    "div" : "<div xmlns=\"http://www.w3.org/1999/xhtml\"><p class=\"res-header-id\"><b>Generated Narrative: ValueSet onconova-tnm-perineural-invasion-categories</b></p><a name=\"onconova-tnm-perineural-invasion-categories\"> </a><a name=\"hconconova-tnm-perineural-invasion-categories\"> </a><ul><li>Include these codes as defined in <a href=\"http://www.snomed.org/\"><code>http://snomed.info/sct</code></a><span title=\"Version is not explicity stated. No matching Code System found\"> version Not Stated (use latest from terminology server)</span><table class=\"none\"><tr><td style=\"white-space:nowrap\"><b>Code</b></td><td><b>Display</b></td></tr><tr><td><a href=\"http://snomed.info/id/370051000\">370051000</a></td><td>Stage Pn0</td></tr><tr><td><a href=\"http://snomed.info/id/369731000\">369731000</a></td><td>Stage Pn1</td></tr></table></li></ul></div>"
  },
  "url" : "http://onconova.github.io/fhir/ValueSet/onconova-tnm-perineural-invasion-categories",
  "version" : "0.2.0",
  "name" : "TNMPerineuralInvasionCategories",
  "title" : "TNM Perineural Invasion Categories Value Set",
  "status" : "active",
  "date" : "2025-10-17T13:44:17+00:00",
  "publisher" : "Onconova",
  "contact" : [{
    "name" : "Onconova",
    "telecom" : [{
      "system" : "url",
      "value" : "http://onconova.github.io/docs"
    }]
  }],
  "description" : "TNM Perineural Invasion Categories Value Set",
  "compose" : {
    "include" : [{
      "system" : "http://snomed.info/sct",
      "concept" : [{
        "code" : "370051000",
        "display" : "Stage Pn0"
      },
      {
        "code" : "369731000",
        "display" : "Stage Pn1"
      }]
    }]
  }
}