{
  "resourceType" : "ValueSet",
  "id" : "onconova-vs-tnm-venous-invasion-categories",
  "text" : {
    "status" : "generated",
    "div" : "<div xmlns=\"http://www.w3.org/1999/xhtml\"><p class=\"res-header-id\"><b>Generated Narrative: ValueSet onconova-vs-tnm-venous-invasion-categories</b></p><a name=\"onconova-vs-tnm-venous-invasion-categories\"> </a><a name=\"hconconova-vs-tnm-venous-invasion-categories\"> </a><ul><li>Include these codes as defined in <a href=\"http://www.snomed.org/\"><code>http://snomed.info/sct</code></a><span title=\"Version is not explicity stated. No matching Code System found\"> version Not Stated (use latest from terminology server)</span><table class=\"none\"><tr><td style=\"white-space:nowrap\"><b>Code</b></td><td><b>Display</b></td></tr><tr><td><a href=\"http://snomed.info/id/6510002\">6510002</a></td><td>VX stage</td></tr><tr><td><a href=\"http://snomed.info/id/40223008\">40223008</a></td><td>V0 stage</td></tr><tr><td><a href=\"http://snomed.info/id/67302005\">67302005</a></td><td>V1 stage</td></tr><tr><td><a href=\"http://snomed.info/id/50064003\">50064003</a></td><td>V2 stage</td></tr></table></li></ul></div>"
  },
  "url" : "http://onconova.github.io/fhir/ValueSet/onconova-vs-tnm-venous-invasion-categories",
  "version" : "0.2.0",
  "name" : "TNMVenousInvasionCategories",
  "title" : "TNM Venous Invasion Categories Value Set",
  "status" : "active",
  "date" : "2025-11-24T11:19:41+00:00",
  "publisher" : "Onconova",
  "contact" : [{
    "name" : "Onconova",
    "telecom" : [{
      "system" : "url",
      "value" : "http://onconova.github.io/docs"
    }]
  }],
  "description" : "TNM Venous Invasion Categories Value Set",
  "compose" : {
    "include" : [{
      "system" : "http://snomed.info/sct",
      "concept" : [{
        "code" : "6510002",
        "display" : "VX stage"
      },
      {
        "code" : "40223008",
        "display" : "V0 stage"
      },
      {
        "code" : "67302005",
        "display" : "V1 stage"
      },
      {
        "code" : "50064003",
        "display" : "V2 stage"
      }]
    }]
  }
}