{
  "resourceType" : "ValueSet",
  "id" : "onconova-vs-recurrence-type",
  "text" : {
    "status" : "generated",
    "div" : "<div xmlns=\"http://www.w3.org/1999/xhtml\"><p class=\"res-header-id\"><b>Generated Narrative: ValueSet onconova-vs-recurrence-type</b></p><a name=\"onconova-vs-recurrence-type\"> </a><a name=\"hconconova-vs-recurrence-type\"> </a><ul><li>Include these codes as defined in <a href=\"http://www.snomed.org/\"><code>http://snomed.info/sct</code></a><span title=\"Version is not explicity stated. No matching Code System found\"> version Not Stated (use latest from terminology server)</span><table class=\"none\"><tr><td style=\"white-space:nowrap\"><b>Code</b></td><td><b>Display</b></td></tr><tr><td><a href=\"http://snomed.info/id/255470001\">255470001</a></td><td>Local (qualifier value)</td></tr><tr><td><a href=\"http://snomed.info/id/410674003\">410674003</a></td><td>Regional (qualifier value)</td></tr></table></li></ul></div>"
  },
  "url" : "http://onconova.github.io/fhir/ValueSet/onconova-vs-recurrence-type",
  "version" : "0.2.0",
  "name" : "RecurrenceTypeVS",
  "title" : "Recurrence Type Value Set",
  "status" : "active",
  "date" : "2025-11-21T14:06:51+00:00",
  "publisher" : "Onconova",
  "contact" : [{
    "name" : "Onconova",
    "telecom" : [{
      "system" : "url",
      "value" : "http://onconova.github.io/docs"
    }]
  }],
  "description" : "A value set representing the types of cancer recurrence, specifically local and regional recurrences.",
  "compose" : {
    "include" : [{
      "system" : "http://snomed.info/sct",
      "concept" : [{
        "code" : "255470001",
        "display" : "Local (qualifier value)"
      },
      {
        "code" : "410674003",
        "display" : "Regional (qualifier value)"
      }]
    }]
  }
}