{
  "resourceType" : "ValueSet",
  "id" : "onconova-vs-cancer-risk-assessment-methods",
  "text" : {
    "status" : "generated",
    "div" : "<div xmlns=\"http://www.w3.org/1999/xhtml\"><p class=\"res-header-id\"><b>Generated Narrative: ValueSet onconova-vs-cancer-risk-assessment-methods</b></p><a name=\"onconova-vs-cancer-risk-assessment-methods\"> </a><a name=\"hconconova-vs-cancer-risk-assessment-methods\"> </a><ul><li>Include these codes as defined in <a href=\"http://terminology.hl7.org/6.2.0/CodeSystem-v3-nciThesaurus.html\"><code>http://ncicb.nci.nih.gov/xml/owl/EVS/Thesaurus.owl</code></a><span title=\"Version is not explicity stated. No matching Code System found\"> version Not Stated (use latest from terminology server)</span><table class=\"none\"><tr><td style=\"white-space:nowrap\"><b>Code</b></td><td><b>Display</b></td></tr><tr><td>C136962</td><td>Follicular Lymphoma International Prognostic Index (FLIPI)</td></tr><tr><td>C181086</td><td>D'Amico Prostate Cancer Risk Classification</td></tr><tr><td>C127872</td><td>European Treatment Outcome Study (EUTOS) Score</td></tr><tr><td>C127873</td><td>Hasford Score</td></tr><tr><td>C127875</td><td>Sokal Score</td></tr><tr><td>C155843</td><td>International Metastatic Renal Cell Carcinoma Database Consortium (IMDC) Criteria</td></tr><tr><td>C161805</td><td>International Prognostic Index (IPI) Risk Group</td></tr><tr><td>C177562</td><td>European LeukemiaNet Risk Classification</td></tr><tr><td>C121007</td><td>Child-Pugh Clinical Classification</td></tr><tr><td>C181085</td><td>USCF Cancer of the Prostate Risk Assessment Score</td></tr><tr><td>C162781</td><td>Mantle Cell Lymphoma International Prognostic Index (MIPI)</td></tr><tr><td>C181084</td><td>NCCN Prostate Cancer Risk Stratification for Clinically Localized Disease</td></tr><tr><td>C177309</td><td>Seminoma IGCCC Risk Classification</td></tr><tr><td>C177308</td><td>Non-Seminomatous Germ Cell Tumor IGCCC Risk Classification</td></tr><tr><td>C142346</td><td>International Society of Urological Pathology Gleason Grade Group</td></tr></table></li></ul></div>"
  },
  "url" : "http://onconova.github.io/fhir/ValueSet/onconova-vs-cancer-risk-assessment-methods",
  "version" : "0.2.0",
  "name" : "CancerRiskAssessmentMethods",
  "title" : "Cancer Risk Assessment Methods",
  "status" : "active",
  "date" : "2025-11-21T12:46:13+00:00",
  "publisher" : "Onconova",
  "contact" : [{
    "name" : "Onconova",
    "telecom" : [{
      "system" : "url",
      "value" : "http://onconova.github.io/docs"
    }]
  }],
  "description" : "A value set containing codes for various cancer risk assessment methods.",
  "compose" : {
    "include" : [{
      "system" : "http://ncicb.nci.nih.gov/xml/owl/EVS/Thesaurus.owl",
      "concept" : [{
        "code" : "C136962",
        "display" : "Follicular Lymphoma International Prognostic Index (FLIPI)"
      },
      {
        "code" : "C181086",
        "display" : "D'Amico Prostate Cancer Risk Classification"
      },
      {
        "code" : "C127872",
        "display" : "European Treatment Outcome Study (EUTOS) Score"
      },
      {
        "code" : "C127873",
        "display" : "Hasford Score"
      },
      {
        "code" : "C127875",
        "display" : "Sokal Score"
      },
      {
        "code" : "C155843",
        "display" : "International Metastatic Renal Cell Carcinoma Database Consortium (IMDC) Criteria"
      },
      {
        "code" : "C161805",
        "display" : "International Prognostic Index (IPI) Risk Group"
      },
      {
        "code" : "C177562",
        "display" : "European LeukemiaNet Risk Classification"
      },
      {
        "code" : "C121007",
        "display" : "Child-Pugh Clinical Classification"
      },
      {
        "code" : "C181085",
        "display" : "USCF Cancer of the Prostate Risk Assessment Score"
      },
      {
        "code" : "C162781",
        "display" : "Mantle Cell Lymphoma International Prognostic Index (MIPI)"
      },
      {
        "code" : "C181084",
        "display" : "NCCN Prostate Cancer Risk Stratification for Clinically Localized Disease"
      },
      {
        "code" : "C177309",
        "display" : "Seminoma IGCCC Risk Classification"
      },
      {
        "code" : "C177308",
        "display" : "Non-Seminomatous Germ Cell Tumor IGCCC Risk Classification"
      },
      {
        "code" : "C142346",
        "display" : "International Society of Urological Pathology Gleason Grade Group"
      }]
    }]
  }
}