URL,Version,Status,OIDs,Name,Title,Descriptino,Uses,Used,Sources
http://onconova.github.io/fhir/ValueSet/onconova-tnm-lymphatic-invasion-categories,0.2.0,active,,TNMLymphaticInvasionCategories,TNM Lymphatic Invasion Categories Value Set,"TNM Lymphatic Invasion Categories Value Set",,"SCT"
http://onconova.github.io/fhir/ValueSet/onconova-tnm-perineural-invasion-categories,0.2.0,active,,TNMPerineuralInvasionCategories,TNM Perineural Invasion Categories Value Set,"TNM Perineural Invasion Categories Value Set",,"SCT"
http://onconova.github.io/fhir/ValueSet/onconova-tnm-residual-tumor-categories,0.2.0,active,,TNMResidualTumorCategories,TNM Residual Tumor Categories Value Set,"TNM Residual Tumor Categories Value Set",,"SCT"
http://onconova.github.io/fhir/ValueSet/onconova-vs-adjunctive-therapy-roles,0.2.0,active,,AdjunctiveTherapyRoles,Adjunctive Therapy Roles,"Codes representing roles for adjunctive therapy in oncology.",,"hl7.terminology.r4"
http://onconova.github.io/fhir/ValueSet/onconova-vs-adverse-event-mitigation-categories,0.2.0,active,,AdverseEventMitigationCategories,Adverse Event Mitigation Categories,"Categories of actions taken to mitigate or manage adverse events in oncology.",,"hl7.terminology.r4"
http://onconova.github.io/fhir/ValueSet/onconova-vs-adverse-event-mitigation-drugs,0.2.0,active,,AdverseEventMitigationDrugs,Adverse Event Mitigation - Drugs,"Drugs or medication categories used in the mitigation process of an adverse event.",,"SCT,hl7.terminology.r4"
http://onconova.github.io/fhir/ValueSet/onconova-vs-adverse-event-mitigation-managements,0.2.0,active,,AdverseEventMitigationManagements,Adverse Event Mitigation - Management,"Classification of actions to mitigate adverse events affecting a patient's health.",,"SCT"
http://onconova.github.io/fhir/ValueSet/onconova-vs-adverse-event-mitigation-procedures,0.2.0,active,,AdverseEventMitigationProcedures,Adverse Event Mitigation - Procedures,"Procedures undertaken to mitigate the impact of an adverse event on a patient's health.",,"SCT,hl7.terminology.r4"
http://onconova.github.io/fhir/ValueSet/onconova-vs-adverse-event-mitigation-treatment-adjustments,0.2.0,active,,AdverseEventMitigationTreatmentAdjustments,Adverse Event Mitigation - Treatment Adjustment,"Adjustments made to a patient's treatment plan in response to an adverse event.",,"SCT"
http://onconova.github.io/fhir/ValueSet/onconova-vs-antineoplastic-agents,0.2.0,active,,AntineoplasticAgents,Antineoplastic Agents,"A value set of antineoplastic agents.",,"hl7.terminology.r4"
http://onconova.github.io/fhir/ValueSet/onconova-vs-cancer-imaging-methods,0.2.0,active,,CancerImagingMethods,Cancer Imaging Methods,"Codes representing various imaging methods used in cancer diagnosis and monitoring.",,"SCT"
http://onconova.github.io/fhir/ValueSet/onconova-vs-cancer-risk-assessment-methods,0.2.0,active,,CancerRiskAssessmentMethods,Cancer Risk Assessment Methods,"A value set containing codes for various cancer risk assessment methods.",,"hl7.terminology.r4"
http://onconova.github.io/fhir/ValueSet/onconova-vs-cancer-risk-assessment-values,0.2.0,active,,CancerRiskAssessmentValues,Risk Assessment Values,"A non-exhaustive value set containing codes that result from risk assessments, i.e., the risk level of the cancer.",,"hl7.terminology.r4"
http://onconova.github.io/fhir/ValueSet/onconova-vs-causes-of-death,0.2.0,active,,CausesOfDeath,Cause of Death Value Set,"The causes of death that are relevant for a cancer patient.",,"SCT,hl7.terminology.r4"
http://onconova.github.io/fhir/ValueSet/onconova-vs-comorbidity-panels,0.2.0,active,,ComorbidityPanels,Comorbidity Panels,"A collection of comorbidity panels relevant to cancer patients.",,"Internal"
http://onconova.github.io/fhir/ValueSet/onconova-vs-ctc-adverse-events,0.2.0,active,,CTCAdverseEvents,CTC Adverse Events,"Common Terminology Criteria for Adverse Events (CTCAE) is a standard classification and severity grading scale for adverse events in clinical trials and oncology practice.",,"THO"
http://onconova.github.io/fhir/ValueSet/onconova-vs-expected-drug-effects,0.2.0,active,,ExpectedDrugEffects,Expected Drug Effects,"A value set of expected drug effects.",,"SCT"
http://onconova.github.io/fhir/ValueSet/onconova-vs-exposure-agents,0.2.0,active,,ExposureAgents,Exposure Agents,"Agents to which a patient may have been exposed.",,"hl7.terminology.r4"
http://onconova.github.io/fhir/ValueSet/onconova-vs-icd-10-conditions,0.2.0,active,,ICD10Conditions,ICD-10 Codes,"This value set includes sample ICD-10 codes.",,"hl7.terminology.r4"
http://onconova.github.io/fhir/ValueSet/onconova-vs-icdo3-morphology-behavior,0.2.0,active,,ICDO3MorphologyBehavior,ICD-O-3 Morphology Behavior,"A value set of ICD-O-3 morphology behavior codes.",,"THO"
http://onconova.github.io/fhir/ValueSet/onconova-vs-icdo3-topography,0.2.0,active,,ICDO3Topography,ICD-O-3 Topography,"A value set of ICD-O-3 topography codes.",,"THO"
http://onconova.github.io/fhir/ValueSet/onconova-vs-observation-bodysites,0.2.0,active,,ObservationBodySites,Observation Body Sites Value Set,"Bodysites related to an observation",,"SCT"
http://onconova.github.io/fhir/ValueSet/onconova-vs-recreational-drugs,0.2.0,active,,RecreationalDrugs,Recreational Drugs,"Substances that people use to alter their mental state, often for pleasure or leisure, with effects ranging from relaxation and euphoria to hallucinations and altered perceptions.",,"SCT"
http://onconova.github.io/fhir/ValueSet/onconova-vs-recurrence-type,0.2.0,active,,RecurrenceTypeVS,Recurrence Type Value Set,"A value set representing the types of cancer recurrence, specifically local and regional recurrences.",,"SCT"
http://onconova.github.io/fhir/ValueSet/onconova-vs-smoking-status,0.2.0,active,,SmokingStatus,Smoking status,"Smoking status of a patient",,"SCT"
http://onconova.github.io/fhir/ValueSet/onconova-vs-tnm-distant-metastasis-categories,0.2.0,active,,TNMDistantMetastasisCategories,TNM Distant Metastasis Categories Value Set,"TNM Distant Metastasis Categories Value Set",,"SCT"
http://onconova.github.io/fhir/ValueSet/onconova-vs-tnm-grade-categories,0.2.0,active,,TNMGradeCategories,TNM Grade Categories Value Set,"TNM Grade Categories Value Set",,"SCT"
http://onconova.github.io/fhir/ValueSet/onconova-vs-tnm-grade-category-methods,0.2.0,active,,TNMGradeCategoryMethods,TNM Grade Category Methods Value Set,"TNM Grade Category Methods Value Set",,"SCT"
http://onconova.github.io/fhir/ValueSet/onconova-vs-tnm-primary-tumor-categories,0.2.0,active,,TNMPrimaryTumorCategories,TNM Primary Tumor Categories,"TNM Primary Tumor Categories Value Set",,"SCT"
http://onconova.github.io/fhir/ValueSet/onconova-vs-tnm-regional-nodes-categories,0.2.0,active,,TNMRegionalNodesCategories,TNM Regional Nodes Categories Value Set,"TNM Regional Nodes Categories Value Set",,"SCT"
http://onconova.github.io/fhir/ValueSet/onconova-vs-tnm-serum-tumor-marker-level-categories,0.2.0,active,,TNMSerumTumorMarkerLevelCategories,TNM Serum Tumor Marker Level Categories Value Set,"TNM Serum Tumor Marker Level Categories Value Set",,"SCT"
http://onconova.github.io/fhir/ValueSet/onconova-vs-tnm-venous-invasion-categories,0.2.0,active,,TNMVenousInvasionCategories,TNM Venous Invasion Categories Value Set,"TNM Venous Invasion Categories Value Set",,"SCT"
http://onconova.github.io/fhir/ValueSet/onconova-vs-treatment-termination-reasons,0.2.0,active,,TreatmentTerminationReasons,Treatment Termination Reasons,"Codes representing reasons for terminating a treatment in oncology.",,"SCT"
http://onconova.github.io/fhir/ValueSet/onconova-vs-tumor-board-recommendations,0.2.0,active,,OnconovaTumorBoardRecommendations,Tumor Board Recommendations,"A value set of recommendations that may be made by a tumor board for a cancer patient.",,"SCT,LOINC"
http://onconova.github.io/fhir/ValueSet/onconova-vs-tumor-marker-analytes,0.2.0,active,,TumorMarkerAnalytes,Tumor Marker Analytes,"Codes representing analytes for tumor markers.",,"LOINC,hl7.terminology.r4"
